;Adams;Allen;Anderson;Bailey;Baker;Barnes;Bell;Bennett;Brooks;Brown;Butler;Campbell;Carter;Clark;Collins;Cook;Cooper;Cox;Cruz;Davis;Diaz;Edwards;Evans;Fisher;Flores;Foster;Garcia;Gomez;Gonzalez;Gray;Green;Gutierrez;Hall;Harris;Hernandez;Hill;Howard;Hughes;Jackson;James;Jenkins;Johnson;Jones;Kelly;King;Lee;Lewis;Long;Lopez;Martin;Martinez;Miller;Mitchell;Moore;Morales;Morgan;Morris;Murphy;Myers;Nelson;Nguyen;Ortiz;Parker;Perez;Perry;Peterson;Phillips;Powell;Price;Ramirez;Reed;Reyes;Richardson;Rivera;Roberts;Robinson;Rodriguez;Rogers;Ross;Russell;Sanchez;Sanders;Scott;Smith;Stewart;Sullivan;Taylor;Thomas;Thompson;Torres;Turner;Walker;Ward;Watson;White;Williams;Wilson;Wood;Wright;Young
Adams;0.000000;0.000000;0.000000;0.408248;0.000000;0.000000;0.000000;0.408248;0.000000;0.666667;0.258199;0.000000;0.577350;0.000000;0.408248;0.000000;0.000000;0.000000;0.816497;0.000000;0.577350;0.000000;0.000000;0.218218;0.000000;0.000000;0.000000;0.000000;0.000000;0.000000;0.000000;0.288675;0.000000;0.000000;0.408248;0.577350;0.000000;0.516398;0.000000;0.516398;0.000000;0.000000;0.000000;0.000000;0.577350;0.000000;0.333333;0.000000;0.000000;0.000000;0.000000;0.000000;0.000000;0.000000;0.000000;0.408248;0.000000;0.000000;0.816497;0.000000;0.000000;0.000000;0.258199;0.816497;0.866025;0.000000;0.000000;0.000000;0.288675;0.000000;0.000000;0.000000;0.000000;0.408248;0.000000;0.408248;0.000000;0.000000;0.408248;0.000000;0.000000;0.000000;0.000000;0.000000;0.666667;0.333333;0.866025;0.000000;0.288675;0.000000;0.000000;0.816497;0.000000;0.408248;0.288675;0.333333;0.408248;0.000000;0.000000;0.000000
Allen;0.000000;0.000000;0.000000;0.000000;0.000000;0.000000;0.000000;0.000000;0.000000;0.000000;0.000000;0.000000;0.000000;0.000000;0.000000;0.000000;0.000000;0.000000;0.000000;0.000000;0.000000;0.500000;0.500000;0.000000;0.000000;0.316228;0.000000;0.000000;0.500000;0.000000;0.000000;0.000000;0.000000;0.288675;0.000000;0.000000;0.000000;0.000000;0.000000;0.000000;0.000000;0.000000;0.000000;0.000000;0.000000;0.316228;0.000000;0.000000;0.632456;0.000000;0.000000;0.000000;0.000000;0.000000;0.000000;0.000000;0.000000;0.000000;0.000000;0.000000;0.000000;0.000000;0.000000;0.000000;0.000000;0.288675;0.000000;0.000000;0.000000;0.707107;0.000000;0.500000;0.000000;0.000000;0.000000;0.000000;0.000000;0.000000;0.000000;0.000000;0.000000;0.235702;0.000000;0.000000;0.000000;0.000000;0.000000;0.288675;0.353553;0.000000;0.353553;0.000000;0.000000;0.000000;0.000000;0.000000;0.000000;0.000000;0.353553;0.288675
Anderson;0.000000;0.000000;0.000000;0.000000;0.000000;0.000000;0.707107;0.000000;0.000000;0.000000;0.000000;0.816497;0.000000;0.000000;0.000000;1.000000;0.000000;0.707107;0.000000;0.000000;0.000000;0.000000;0.000000;0.000000;0.500000;0.000000;0.000000;0.000000;0.000000;0.408248;0.000000;0.000000;0.000000;0.000000;0.000000;0.000000;0.000000;0.000000;0.000000;0.000000;1.000000;0.816497;0.000000;0.000000;0.000000;0.000000;0.000000;0.000000;0.000000;0.000000;0.000000;0.000000;0.000000;0.500000;0.000000;0.000000;0.816497;0.000000;0.000000;0.000000;0.000000;0.000000;0.000000;0.000000;0.000000;0.288675;0.500000;0.000000;0.000000;0.000000;0.000000;0.000000;0.000000;0.000000;0.000000;0.000000;0.500000;0.000000;0.000000;0.707107;0.267261;0.235702;0.000000;0.500000;0.000000;0.000000;0.000000;0.288675;0.000000;0.000000;0.000000;0.000000;0.000000;0.000000;0.000000;0.000000;0.000000;0.000000;0.000000;0.000000
Bailey;0.408248;0.000000;0.000000;0.000000;0.353553;0.000000;0.000000;0.000000;0.000000;0.816497;0.316228;0.000000;0.707107;0.000000;0.500000;0.000000;0.000000;0.000000;0.500000;0.000000;0.707107;0.000000;0.000000;0.267261;0.000000;0.000000;0.000000;0.000000;0.000000;0.000000;0.707107;0.000000;0.000000;0.288675;0.000000;0.353553;0.000000;0.632456;0.000000;0.632456;0.000000;0.000000;0.000000;0.000000;0.353553;0.000000;0.816497;0.408248;0.000000;0.000000;0.000000;0.000000;0.000000;0.000000;0.288675;0.000000;0.000000;0.500000;0.500000;0.000000;0.000000;0.000000;0.000000;0.500000;0.353553;0.000000;0.000000;0.000000;0.353553;0.000000;0.000000;0.000000;0.000000;0.500000;0.000000;0.500000;0.000000;0.288675;0.000000;0.000000;0.000000;0.000000;0.000000;0.000000;0.408248;0.000000;0.707107;0.000000;0.353553;0.000000;0.000000;0.000000;0.000000;0.500000;0.353553;0.000000;0.500000;0.000000;0.000000;0.000000
Baker;0.000000;0.000000;0.000000;0.353553;0.000000;0.500000;0.000000;0.000000;0.000000;0.288675;0.000000;0.000000;0.250000;0.250000;0.000000;0.000000;0.000000;0.000000;0.000000;0.000000;0.250000;0.000000;0.000000;0.188982;0.000000;0.000000;0.000000;0.000000;0.353553;0.000000;0.500000;0.250000;0.000000;0.408248;0.000000;0.000000;0.000000;0.223607;0.000000;0.223607;0.000000;0.000000;0.000000;0.250000;0.250000;0.000000;0.288675;0.577350;0.000000;0.000000;0.000000;0.377964;0.000000;0.000000;0.612372;0.000000;0.000000;0.353553;0.000000;0.250000;0.707107;0.000000;0.223607;0.000000;0.000000;0.204124;0.000000;0.000000;0.250000;0.000000;0.000000;0.000000;0.000000;0.353553;0.500000;0.353553;0.000000;0.408248;0.000000;0.000000;0.000000;0.000000;0.000000;0.000000;0.000000;0.000000;0.250000;0.000000;0.000000;0.000000;0.250000;0.000000;0.000000;0.353553;0.000000;0.288675;0.000000;0.500000;0.000000;0.204124
Barnes;0.000000;0.000000;0.000000;0.000000;0.500000;0.000000;0.000000;0.000000;0.250000;0.000000;0.223607;0.000000;0.000000;0.250000;0.000000;0.000000;0.000000;0.000000;0.000000;0.288675;0.000000;0.000000;0.353553;0.377964;0.000000;0.223607;0.000000;0.000000;0.353553;0.000000;0.000000;0.250000;0.353553;0.204124;0.000000;0.000000;0.288675;0.000000;0.223607;0.000000;0.000000;0.000000;0.000000;0.250000;0.000000;0.223607;0.000000;0.288675;0.000000;0.000000;0.000000;0.566947;0.000000;0.000000;0.408248;0.000000;0.000000;0.000000;0.000000;0.250000;0.353553;0.000000;0.223607;0.000000;0.000000;0.204124;0.000000;0.000000;0.500000;0.000000;0.000000;0.000000;0.288675;0.000000;0.500000;0.000000;0.000000;0.408248;0.353553;0.000000;0.188982;0.000000;0.000000;0.000000;0.000000;0.000000;0.000000;0.000000;0.000000;0.000000;0.250000;0.000000;0.000000;0.000000;0.250000;0.577350;0.000000;0.500000;0.250000;0.408248
Bell;0.000000;0.000000;0.707107;0.000000;0.000000;0.000000;0.000000;0.000000;0.000000;0.000000;0.000000;0.866025;0.000000;0.000000;0.000000;0.707107;0.000000;1.000000;0.000000;0.000000;0.000000;0.000000;0.000000;0.188982;0.707107;0.000000;0.000000;0.000000;0.000000;0.288675;0.000000;0.000000;0.000000;0.000000;0.000000;0.000000;0.000000;0.000000;0.223607;0.000000;0.707107;0.866025;0.000000;0.000000;0.000000;0.000000;0.000000;0.000000;0.000000;0.288675;0.000000;0.000000;0.353553;0.707107;0.000000;0.000000;0.866025;0.000000;0.000000;0.000000;0.000000;0.000000;0.000000;0.000000;0.000000;0.408248;0.707107;0.000000;0.000000;0.000000;0.000000;0.000000;0.000000;0.000000;0.000000;0.000000;0.707107;0.000000;0.000000;0.500000;0.188982;0.166667;0.000000;0.707107;0.000000;0.000000;0.000000;0.204124;0.000000;0.000000;0.000000;0.000000;0.000000;0.000000;0.000000;0.000000;0.000000;0.000000;0.000000;0.000000
Bennett;0.408248;0.000000;0.000000;0.000000;0.000000;0.000000;0.000000;0.000000;0.353553;0.408248;0.000000;0.000000;0.353553;0.000000;0.000000;0.000000;0.000000;0.000000;0.500000;0.000000;0.707107;0.500000;0.000000;0.000000;0.000000;0.000000;0.000000;0.000000;0.000000;0.000000;0.000000;0.353553;0.000000;0.000000;0.500000;0.353553;0.000000;0.632456;0.000000;0.316228;0.000000;0.000000;0.707107;0.000000;0.353553;0.000000;0.408248;0.000000;0.000000;0.000000;0.000000;0.000000;0.000000;0.000000;0.288675;1.000000;0.000000;0.000000;0.000000;0.353553;0.000000;0.707107;0.316228;0.000000;0.707107;0.000000;0.000000;0.000000;0.000000;0.000000;0.000000;0.000000;0.000000;0.000000;0.000000;0.500000;0.000000;0.288675;0.000000;0.000000;0.000000;0.000000;0.000000;0.000000;0.816497;0.408248;0.353553;0.000000;0.000000;0.707107;0.000000;0.500000;0.000000;0.500000;0.000000;0.000000;0.500000;0.000000;0.000000;0.000000
Brooks;0.000000;0.000000;0.000000;0.000000;0.000000;0.250000;0.000000;0.353553;0.000000;0.000000;0.223607;0.000000;0.000000;0.250000;0.353553;0.000000;0.000000;0.000000;0.000000;0.288675;0.250000;0.353553;0.353553;0.377964;0.000000;0.223607;0.000000;0.250000;0.000000;0.000000;0.000000;0.250000;0.707107;0.204124;0.000000;0.250000;0.577350;0.223607;0.447214;0.223607;0.000000;0.000000;0.500000;0.000000;0.000000;0.447214;0.288675;0.288675;0.223607;0.288675;0.000000;0.188982;0.000000;0.000000;0.408248;0.353553;0.000000;0.000000;0.000000;0.500000;0.000000;0.500000;0.223607;0.000000;0.250000;0.000000;0.000000;0.000000;0.250000;0.000000;0.000000;0.000000;0.577350;0.000000;0.000000;0.000000;0.000000;0.612372;0.000000;0.000000;0.188982;0.166667;0.000000;0.000000;0.288675;0.288675;0.000000;0.204124;0.000000;0.500000;0.000000;0.000000;0.000000;0.000000;0.250000;0.288675;0.353553;0.000000;0.000000;0.204124
Brown;0.666667;0.000000;0.000000;0.816497;0.288675;0.000000;0.000000;0.408248;0.000000;0.000000;0.258199;0.000000;0.866025;0.000000;0.408248;0.000000;0.000000;0.000000;0.816497;0.000000;0.866025;0.000000;0.000000;0.218218;0.000000;0.000000;0.000000;0.000000;0.000000;0.000000;0.577350;0.000000;0.000000;0.235702;0.408248;0.288675;0.000000;0.774597;0.000000;0.516398;0.000000;0.000000;0.000000;0.000000;0.577350;0.000000;0.666667;0.333333;0.000000;0.000000;0.000000;0.000000;0.000000;0.000000;0.235702;0.408248;0.000000;0.408248;0.408248;0.000000;0.000000;0.000000;0.258199;0.408248;0.577350;0.000000;0.000000;0.000000;0.288675;0.000000;0.000000;0.000000;0.000000;0.408248;0.000000;0.816497;0.000000;0.235702;0.000000;0.000000;0.000000;0.000000;0.000000;0.000000;0.666667;0.000000;0.866025;0.000000;0.288675;0.000000;0.000000;0.408248;0.000000;0.816497;0.288675;0.000000;0.408248;0.000000;0.000000;0.000000
Butler;0.258199;0.000000;0.000000;0.316228;0.000000;0.223607;0.000000;0.000000;0.223607;0.258199;0.000000;0.000000;0.223607;0.447214;0.316228;0.000000;0.223607;0.000000;0.316228;0.258199;0.223607;0.000000;0.316228;0.676123;0.000000;0.400000;0.000000;0.000000;0.000000;0.000000;0.000000;0.000000;0.316228;0.365148;0.316228;0.223607;0.258199;0.200000;0.400000;0.200000;0.000000;0.000000;0.000000;0.000000;0.000000;0.400000;0.258199;0.000000;0.000000;0.258199;0.258199;0.169031;0.316228;0.000000;0.182574;0.000000;0.000000;0.000000;0.316228;0.223607;0.000000;0.000000;0.000000;0.316228;0.223607;0.182574;0.000000;0.000000;0.670820;0.000000;0.000000;0.000000;0.258199;0.000000;0.000000;0.000000;0.000000;0.182574;0.000000;0.000000;0.338062;0.298142;0.000000;0.000000;0.258199;0.000000;0.223607;0.365148;0.223607;0.000000;0.223607;0.000000;0.447214;0.000000;0.447214;0.258199;0.316228;0.223607;0.223607;0.182574
Campbell;0.000000;0.000000;0.816497;0.000000;0.000000;0.000000;0.866025;0.000000;0.000000;0.000000;0.000000;0.000000;0.000000;0.000000;0.000000;0.816497;0.000000;0.866025;0.000000;0.000000;0.000000;0.000000;0.000000;0.218218;0.408248;0.000000;0.000000;0.000000;0.000000;0.333333;0.000000;0.000000;0.000000;0.000000;0.000000;0.000000;0.000000;0.000000;0.258199;0.000000;0.816497;0.666667;0.000000;0.000000;0.000000;0.000000;0.000000;0.000000;0.000000;0.333333;0.000000;0.000000;0.408248;0.408248;0.000000;0.000000;0.666667;0.000000;0.000000;0.000000;0.000000;0.000000;0.000000;0.000000;0.000000;0.471405;0.408248;0.000000;0.000000;0.000000;0.000000;0.000000;0.000000;0.000000;0.000000;0.000000;0.816497;0.000000;0.000000;0.577350;0.218218;0.192450;0.000000;0.816497;0.000000;0.000000;0.000000;0.235702;0.000000;0.000000;0.000000;0.000000;0.000000;0.000000;0.000000;0.000000;0.000000;0.000000;0.000000;0.000000
Carter;0.577350;0.000000;0.000000;0.707107;0.250000;0.000000;0.000000;0.353553;0.000000;0.866025;0.223607;0.000000;0.000000;0.000000;0.353553;0.000000;0.000000;0.000000;0.707107;0.000000;0.750000;0.000000;0.000000;0.188982;0.000000;0.000000;0.000000;0.000000;0.000000;0.000000;0.500000;0.000000;0.000000;0.204124;0.353553;0.500000;0.000000;0.894427;0.000000;0.670820;0.000000;0.000000;0.000000;0.000000;0.750000;0.000000;0.577350;0.288675;0.000000;0.000000;0.000000;0.000000;0.000000;0.000000;0.204124;0.353553;0.000000;0.353553;0.353553;0.000000;0.000000;0.000000;0.223607;0.353553;0.500000;0.000000;0.000000;0.000000;0.250000;0.000000;0.000000;0.000000;0.000000;0.353553;0.000000;0.707107;0.000000;0.204124;0.000000;0.000000;0.000000;0.000000;0.000000;0.000000;0.577350;0.288675;0.750000;0.000000;0.250000;0.000000;0.000000;0.353553;0.000000;0.707107;0.250000;0.000000;0.353553;0.000000;0.000000;0.000000
Clark;0.000000;0.000000;0.000000;0.000000;0.250000;0.250000;0.000000;0.000000;0.250000;0.000000;0.447214;0.000000;0.000000;0.000000;0.353553;0.000000;0.250000;0.000000;0.000000;0.000000;0.000000;0.000000;0.000000;0.566947;0.000000;0.000000;0.000000;0.250000;0.353553;0.000000;0.000000;0.000000;0.353553;0.204124;0.353553;0.000000;0.288675;0.000000;0.223607;0.000000;0.000000;0.000000;0.000000;0.250000;0.000000;0.223607;0.000000;0.000000;0.223607;0.577350;0.288675;0.188982;0.000000;0.000000;0.204124;0.000000;0.000000;0.000000;0.000000;0.500000;0.353553;0.000000;0.447214;0.000000;0.000000;0.000000;0.000000;0.000000;0.250000;0.000000;0.000000;0.000000;0.000000;0.000000;0.500000;0.000000;0.000000;0.000000;0.000000;0.000000;0.188982;0.333333;0.000000;0.000000;0.000000;0.000000;0.000000;0.408248;0.000000;0.000000;0.500000;0.000000;0.500000;0.000000;0.000000;0.288675;0.000000;0.250000;0.250000;0.204124
Collins;0.408248;0.000000;0.000000;0.500000;0.000000;0.000000;0.000000;0.000000;0.353553;0.408248;0.316228;0.000000;0.353553;0.353553;0.000000;0.000000;0.000000;0.000000;0.500000;0.000000;0.353553;0.000000;0.000000;0.534522;0.000000;0.000000;0.000000;0.353553;0.000000;0.000000;0.000000;0.000000;0.500000;0.000000;0.000000;0.353553;0.408248;0.316228;0.316228;0.316228;0.000000;0.000000;0.000000;0.000000;0.000000;0.000000;0.408248;0.000000;0.316228;0.408248;0.000000;0.000000;0.000000;0.000000;0.000000;0.000000;0.000000;0.000000;0.500000;0.000000;0.000000;0.000000;0.316228;0.500000;0.353553;0.000000;0.000000;0.000000;0.353553;0.000000;0.000000;0.000000;0.000000;0.000000;0.000000;0.000000;0.000000;0.000000;0.000000;0.000000;0.000000;0.235702;0.000000;0.000000;0.408248;0.000000;0.353553;0.288675;0.353553;0.000000;0.000000;0.000000;0.000000;0.000000;0.353553;0.000000;0.500000;0.000000;0.000000;0.000000
Cook;0.000000;0.000000;1.000000;0.000000;0.000000;0.000000;0.707107;0.000000;0.000000;0.000000;0.000000;0.816497;0.000000;0.000000;0.000000;0.000000;0.000000;0.707107;0.000000;0.000000;0.000000;0.000000;0.000000;0.000000;0.500000;0.000000;0.000000;0.000000;0.000000;0.408248;0.000000;0.000000;0.000000;0.000000;0.000000;0.000000;0.000000;0.000000;0.000000;0.000000;1.000000;0.816497;0.000000;0.000000;0.000000;0.000000;0.000000;0.000000;0.000000;0.000000;0.000000;0.000000;0.000000;0.500000;0.000000;0.000000;0.816497;0.000000;0.000000;0.000000;0.000000;0.000000;0.000000;0.000000;0.000000;0.288675;0.500000;0.000000;0.000000;0.000000;0.000000;0.000000;0.000000;0.000000;0.000000;0.000000;0.500000;0.000000;0.000000;0.707107;0.267261;0.235702;0.000000;0.500000;0.000000;0.000000;0.000000;0.288675;0.000000;0.000000;0.000000;0.000000;0.000000;0.000000;0.000000;0.000000;0.000000;0.000000;0.000000;0.000000
Cooper;0.000000;0.000000;0.000000;0.000000;0.000000;0.000000;0.000000;0.000000;0.000000;0.000000;0.223607;0.000000;0.000000;0.250000;0.000000;0.000000;0.000000;0.000000;0.000000;0.000000;0.000000;0.000000;0.000000;0.000000;0.000000;0.000000;0.000000;0.500000;0.000000;0.288675;0.000000;0.000000;0.000000;0.204124;0.000000;0.000000;0.000000;0.000000;0.000000;0.000000;0.000000;0.000000;0.000000;0.500000;0.000000;0.223607;0.000000;0.000000;0.223607;0.000000;0.000000;0.000000;0.000000;0.000000;0.000000;0.000000;0.000000;0.000000;0.000000;0.250000;0.000000;0.000000;0.447214;0.000000;0.000000;0.000000;0.000000;0.000000;0.000000;0.000000;0.000000;0.000000;0.000000;0.000000;0.000000;0.000000;0.000000;0.000000;0.000000;0.000000;0.377964;0.333333;0.000000;0.000000;0.000000;0.000000;0.000000;0.204124;0.250000;0.000000;0.250000;0.000000;0.500000;0.000000;0.000000;0.000000;0.000000;0.000000;0.250000;0.204124
Cox;0.000000;0.000000;0.707107;0.000000;0.000000;0.000000;1.000000;0.000000;0.000000;0.000000;0.000000;0.866025;0.000000;0.000000;0.000000;0.707107;0.000000;0.000000;0.000000;0.000000;0.000000;0.000000;0.000000;0.188982;0.707107;0.000000;0.000000;0.000000;0.000000;0.288675;0.000000;0.000000;0.000000;0.000000;0.000000;0.000000;0.000000;0.000000;0.223607;0.000000;0.707107;0.866025;0.000000;0.000000;0.000000;0.000000;0.000000;0.000000;0.000000;0.288675;0.000000;0.000000;0.353553;0.707107;0.000000;0.000000;0.866025;0.000000;0.000000;0.000000;0.000000;0.000000;0.000000;0.000000;0.000000;0.408248;0.707107;0.000000;0.000000;0.000000;0.000000;0.000000;0.000000;0.000000;0.000000;0.000000;0.707107;0.000000;0.000000;0.500000;0.188982;0.166667;0.000000;0.707107;0.000000;0.000000;0.000000;0.204124;0.000000;0.000000;0.000000;0.000000;0.000000;0.000000;0.000000;0.000000;0.000000;0.000000;0.000000;0.000000
Cruz;0.816497;0.000000;0.000000;0.500000;0.000000;0.000000;0.000000;0.500000;0.000000;0.816497;0.316228;0.000000;0.707107;0.000000;0.500000;0.000000;0.000000;0.000000;0.000000;0.000000;0.707107;0.000000;0.000000;0.267261;0.000000;0.000000;0.000000;0.000000;0.000000;0.000000;0.000000;0.000000;0.000000;0.000000;0.500000;0.353553;0.000000;0.632456;0.000000;0.316228;0.000000;0.000000;0.000000;0.000000;0.353553;0.000000;0.408248;0.000000;0.000000;0.000000;0.000000;0.000000;0.000000;0.000000;0.000000;0.500000;0.000000;0.000000;0.500000;0.000000;0.000000;0.000000;0.316228;0.500000;0.707107;0.000000;0.000000;0.000000;0.353553;0.000000;0.000000;0.000000;0.000000;0.000000;0.000000;0.500000;0.000000;0.000000;0.000000;0.000000;0.000000;0.000000;0.000000;0.000000;0.816497;0.000000;0.707107;0.000000;0.353553;0.000000;0.000000;0.500000;0.000000;0.500000;0.353553;0.000000;0.500000;0.000000;0.000000;0.000000
Davis;0.000000;0.000000;0.000000;0.000000;0.000000;0.288675;0.000000;0.000000;0.288675;0.000000;0.258199;0.000000;0.000000;0.000000;0.000000;0.000000;0.000000;0.000000;0.000000;0.000000;0.000000;0.000000;0.408248;0.218218;0.000000;0.258199;0.000000;0.288675;0.000000;0.333333;0.000000;0.000000;0.408248;0.235702;0.000000;0.000000;0.666667;0.000000;0.258199;0.000000;0.000000;0.000000;0.000000;0.000000;0.000000;0.258199;0.000000;0.000000;0.000000;0.000000;0.666667;0.218218;0.000000;0.000000;0.235702;0.000000;0.000000;0.408248;0.000000;0.000000;0.000000;0.000000;0.000000;0.000000;0.000000;0.000000;0.000000;0.000000;0.288675;0.000000;0.000000;0.000000;0.333333;0.000000;0.000000;0.000000;0.000000;0.235702;0.000000;0.000000;0.218218;0.192450;0.000000;0.000000;0.000000;0.000000;0.000000;0.000000;0.288675;0.000000;0.000000;0.000000;0.000000;0.000000;0.577350;0.333333;0.000000;0.000000;0.000000;0.235702
Diaz;0.577350;0.000000;0.000000;0.707107;0.250000;0.000000;0.000000;0.707107;0.250000;0.866025;0.223607;0.000000;0.750000;0.000000;0.353553;0.000000;0.000000;0.000000;0.707107;0.000000;0.000000;0.353553;0.000000;0.188982;0.000000;0.000000;0.000000;0.000000;0.000000;0.000000;0.500000;0.250000;0.000000;0.204124;0.353553;0.500000;0.000000;0.894427;0.000000;0.670820;0.000000;0.000000;0.500000;0.000000;0.500000;0.000000;0.866025;0.288675;0.000000;0.000000;0.000000;0.000000;0.000000;0.000000;0.408248;0.707107;0.000000;0.353553;0.353553;0.250000;0.000000;0.500000;0.223607;0.353553;0.750000;0.000000;0.000000;0.000000;0.250000;0.000000;0.000000;0.000000;0.000000;0.353553;0.000000;0.707107;0.000000;0.408248;0.000000;0.000000;0.000000;0.000000;0.000000;0.000000;0.866025;0.288675;0.750000;0.000000;0.250000;0.500000;0.000000;0.353553;0.000000;0.707107;0.250000;0.000000;0.707107;0.000000;0.000000;0.000000
Edwards;0.000000;0.500000;0.000000;0.000000;0.000000;0.000000;0.000000;0.500000;0.353553;0.000000;0.000000;0.000000;0.000000;0.000000;0.000000;0.000000;0.000000;0.000000;0.000000;0.000000;0.353553;0.000000;0.500000;0.000000;0.000000;0.000000;0.000000;0.000000;0.000000;0.000000;0.000000;0.353553;0.000000;0.288675;0.000000;0.353553;0.000000;0.316228;0.000000;0.316228;0.000000;0.000000;0.707107;0.000000;0.000000;0.316228;0.408248;0.000000;0.316228;0.000000;0.000000;0.000000;0.000000;0.000000;0.288675;0.500000;0.000000;0.000000;0.000000;0.353553;0.000000;0.707107;0.000000;0.000000;0.353553;0.288675;0.000000;0.000000;0.000000;0.000000;0.000000;0.000000;0.000000;0.000000;0.000000;0.000000;0.000000;0.288675;0.000000;0.000000;0.000000;0.000000;0.000000;0.000000;0.408248;0.408248;0.000000;0.000000;0.000000;0.707107;0.353553;0.000000;0.000000;0.000000;0.000000;0.000000;0.500000;0.000000;0.353553;0.000000
Evans;0.000000;0.500000;0.000000;0.000000;0.000000;0.353553;0.000000;0.000000;0.353553;0.000000;0.316228;0.000000;0.000000;0.000000;0.000000;0.000000;0.000000;0.000000;0.000000;0.408248;0.000000;0.500000;0.000000;0.267261;0.000000;0.316228;0.000000;0.000000;0.000000;0.000000;0.000000;0.000000;0.500000;0.577350;0.000000;0.000000;0.408248;0.000000;0.316228;0.000000;0.000000;0.000000;0.000000;0.000000;0.000000;0.632456;0.000000;0.000000;0.316228;0.000000;0.000000;0.267261;0.000000;0.000000;0.288675;0.000000;0.000000;0.000000;0.000000;0.000000;0.000000;0.000000;0.000000;0.000000;0.000000;0.288675;0.000000;0.000000;0.353553;0.000000;0.000000;0.000000;0.408248;0.000000;0.000000;0.000000;0.000000;0.288675;0.000000;0.000000;0.267261;0.000000;0.000000;0.000000;0.000000;0.000000;0.000000;0.000000;0.000000;0.000000;0.353553;0.000000;0.000000;0.000000;0.353553;0.408248;0.000000;0.000000;0.353553;0.288675
Fisher;0.218218;0.000000;0.000000;0.267261;0.188982;0.377964;0.188982;0.000000;0.377964;0.218218;0.676123;0.218218;0.188982;0.566947;0.534522;0.000000;0.000000;0.188982;0.267261;0.218218;0.188982;0.000000;0.267261;0.000000;0.000000;0.338062;0.000000;0.188982;0.267261;0.000000;0.000000;0.000000;0.534522;0.154303;0.267261;0.188982;0.436436;0.169031;0.676123;0.169031;0.000000;0.000000;0.000000;0.188982;0.000000;0.169031;0.218218;0.000000;0.169031;0.654654;0.218218;0.285714;0.534522;0.000000;0.308607;0.000000;0.000000;0.000000;0.267261;0.188982;0.267261;0.000000;0.338062;0.267261;0.188982;0.308607;0.000000;0.000000;0.755929;0.000000;0.000000;0.000000;0.218218;0.000000;0.377964;0.000000;0.267261;0.154303;0.000000;0.000000;0.142857;0.251976;0.000000;0.267261;0.218218;0.000000;0.188982;0.308607;0.188982;0.000000;0.188982;0.000000;0.000000;0.000000;0.377964;0.436436;0.267261;0.377964;0.000000;0.308607
Flores;0.000000;0.000000;0.500000;0.000000;0.000000;0.000000;0.707107;0.000000;0.000000;0.000000;0.000000;0.408248;0.000000;0.000000;0.000000;0.500000;0.000000;0.707107;0.000000;0.000000;0.000000;0.000000;0.000000;0.000000;0.000000;0.000000;0.000000;0.000000;0.000000;0.000000;0.000000;0.000000;0.000000;0.000000;0.000000;0.000000;0.000000;0.000000;0.000000;0.000000;0.500000;0.816497;0.000000;0.000000;0.000000;0.000000;0.000000;0.000000;0.000000;0.000000;0.000000;0.000000;0.000000;1.000000;0.000000;0.000000;0.816497;0.000000;0.000000;0.000000;0.000000;0.000000;0.000000;0.000000;0.000000;0.000000;1.000000;0.000000;0.000000;0.000000;0.000000;0.000000;0.000000;0.000000;0.000000;0.000000;0.000000;0.000000;0.000000;0.000000;0.000000;0.000000;0.000000;0.500000;0.000000;0.000000;0.000000;0.000000;0.000000;0.000000;0.000000;0.000000;0.000000;0.000000;0.000000;0.000000;0.000000;0.000000;0.000000;0.000000
Foster;0.000000;0.316228;0.000000;0.000000;0.000000;0.223607;0.000000;0.000000;0.223607;0.000000;0.400000;0.000000;0.000000;0.000000;0.000000;0.000000;0.000000;0.000000;0.000000;0.258199;0.000000;0.000000;0.316228;0.338062;0.000000;0.000000;0.316228;0.000000;0.316228;0.000000;0.000000;0.000000;0.316228;0.182574;0.000000;0.000000;0.258199;0.000000;0.400000;0.000000;0.000000;0.000000;0.000000;0.000000;0.000000;0.200000;0.000000;0.000000;0.200000;0.000000;0.000000;0.507093;0.316228;0.000000;0.182574;0.000000;0.000000;0.000000;0.000000;0.000000;0.000000;0.000000;0.000000;0.000000;0.000000;0.365148;0.000000;0.000000;0.447214;0.447214;0.316228;0.632456;0.258199;0.000000;0.000000;0.000000;0.000000;0.182574;0.000000;0.000000;0.338062;0.298142;0.516398;0.000000;0.000000;0.000000;0.000000;0.547723;0.223607;0.000000;0.000000;0.000000;0.000000;0.000000;0.447214;0.258199;0.000000;0.447214;0.000000;0.365148
Garcia;0.000000;0.000000;0.000000;0.000000;0.000000;0.000000;0.000000;0.000000;0.000000;0.000000;0.000000;0.000000;0.000000;0.000000;0.000000;0.000000;0.000000;0.000000;0.000000;0.000000;0.000000;0.000000;0.000000;0.000000;0.000000;0.316228;0.000000;0.000000;0.000000;0.000000;0.000000;0.000000;0.000000;0.000000;0.000000;0.000000;0.000000;0.000000;0.316228;0.000000;0.000000;0.000000;0.000000;0.000000;0.000000;0.000000;0.000000;0.000000;0.316228;0.000000;0.000000;0.534522;0.000000;0.000000;0.000000;0.000000;0.000000;0.000000;0.000000;0.000000;0.000000;0.000000;0.000000;0.000000;0.000000;0.000000;0.000000;0.000000;0.000000;0.000000;0.500000;0.000000;0.000000;0.000000;0.000000;0.000000;0.000000;0.000000;0.000000;0.000000;0.534522;0.000000;0.408248;0.000000;0.000000;0.000000;0.000000;0.288675;0.000000;0.000000;0.000000;0.000000;0.000000;0.000000;0.353553;0.000000;0.000000;0.353553;0.000000;0.288675
Gomez;0.000000;0.000000;0.000000;0.000000;0.000000;0.000000;0.000000;0.000000;0.250000;0.000000;0.000000;0.000000;0.000000;0.250000;0.353553;0.000000;0.500000;0.000000;0.000000;0.288675;0.000000;0.000000;0.000000;0.188982;0.000000;0.000000;0.000000;0.000000;0.000000;0.000000;0.000000;0.000000;0.353553;0.000000;0.000000;0.000000;0.288675;0.000000;0.223607;0.000000;0.000000;0.000000;0.000000;0.500000;0.000000;0.000000;0.000000;0.000000;0.223607;0.288675;0.288675;0.000000;0.000000;0.000000;0.000000;0.000000;0.000000;0.000000;0.000000;0.000000;0.000000;0.000000;0.447214;0.000000;0.000000;0.000000;0.000000;0.000000;0.000000;0.000000;0.000000;0.000000;0.000000;0.000000;0.000000;0.000000;0.000000;0.000000;0.000000;0.000000;0.188982;0.500000;0.000000;0.000000;0.000000;0.000000;0.000000;0.204124;0.250000;0.000000;0.000000;0.000000;0.000000;0.000000;0.250000;0.000000;0.000000;0.000000;0.000000;0.204124
Gonzalez;0.000000;0.500000;0.000000;0.000000;0.353553;0.353553;0.000000;0.000000;0.000000;0.000000;0.000000;0.000000;0.000000;0.353553;0.000000;0.000000;0.000000;0.000000;0.000000;0.000000;0.000000;0.000000;0.000000;0.267261;0.000000;0.316228;0.000000;0.000000;0.000000;0.000000;0.000000;0.000000;0.000000;0.000000;0.000000;0.000000;0.000000;0.000000;0.000000;0.000000;0.000000;0.000000;0.000000;0.353553;0.000000;0.000000;0.000000;0.000000;0.316228;0.000000;0.000000;0.267261;0.000000;0.000000;0.288675;0.000000;0.000000;0.000000;0.000000;0.353553;0.500000;0.000000;0.316228;0.000000;0.000000;0.000000;0.000000;0.000000;0.353553;0.707107;0.000000;0.500000;0.000000;0.000000;0.707107;0.000000;0.000000;0.000000;0.000000;0.000000;0.000000;0.235702;0.000000;0.000000;0.000000;0.000000;0.000000;0.288675;0.353553;0.000000;0.353553;0.000000;0.000000;0.000000;0.000000;0.408248;0.000000;0.353553;0.000000;0.577350
Gray;0.000000;0.000000;0.408248;0.000000;0.000000;0.000000;0.288675;0.000000;0.000000;0.000000;0.000000;0.333333;0.000000;0.000000;0.000000;0.408248;0.288675;0.288675;0.000000;0.333333;0.000000;0.000000;0.000000;0.000000;0.000000;0.000000;0.000000;0.000000;0.000000;0.000000;0.000000;0.000000;0.000000;0.000000;0.000000;0.000000;0.333333;0.000000;0.000000;0.000000;0.408248;0.333333;0.000000;0.000000;0.000000;0.000000;0.000000;0.000000;0.258199;0.000000;0.333333;0.000000;0.000000;0.000000;0.000000;0.000000;0.333333;0.408248;0.000000;0.000000;0.000000;0.000000;0.258199;0.000000;0.000000;0.235702;0.000000;0.000000;0.000000;0.000000;0.000000;0.000000;0.000000;0.000000;0.000000;0.000000;0.408248;0.000000;0.000000;0.577350;0.218218;0.192450;0.000000;0.000000;0.000000;0.000000;0.000000;0.235702;0.288675;0.000000;0.000000;0.000000;0.000000;0.000000;0.000000;0.000000;0.000000;0.000000;0.000000;0.000000
Green;0.000000;0.000000;0.000000;0.707107;0.500000;0.000000;0.000000;0.000000;0.000000;0.577350;0.000000;0.000000;0.500000;0.000000;0.000000;0.000000;0.000000;0.000000;0.000000;0.000000;0.500000;0.000000;0.000000;0.000000;0.000000;0.000000;0.000000;0.000000;0.000000;0.000000;0.000000;0.000000;0.000000;0.408248;0.000000;0.000000;0.000000;0.447214;0.000000;0.447214;0.000000;0.000000;0.000000;0.000000;0.500000;0.000000;0.577350;0.577350;0.000000;0.000000;0.000000;0.000000;0.000000;0.000000;0.408248;0.000000;0.000000;0.707107;0.000000;0.000000;0.000000;0.000000;0.000000;0.000000;0.000000;0.000000;0.000000;0.000000;0.000000;0.000000;0.000000;0.000000;0.000000;0.707107;0.000000;0.707107;0.000000;0.408248;0.000000;0.000000;0.000000;0.000000;0.000000;0.000000;0.000000;0.000000;0.500000;0.000000;0.000000;0.000000;0.000000;0.000000;0.000000;0.707107;0.000000;0.000000;0.000000;0.000000;0.000000;0.000000
Gutierrez;0.288675;0.000000;0.000000;0.000000;0.250000;0.250000;0.000000;0.353553;0.250000;0.000000;0.000000;0.000000;0.000000;0.000000;0.000000;0.000000;0.000000;0.000000;0.000000;0.000000;0.250000;0.353553;0.000000;0.000000;0.000000;0.000000;0.000000;0.000000;0.000000;0.000000;0.000000;0.000000;0.000000;0.204124;0.000000;0.500000;0.000000;0.223607;0.000000;0.447214;0.000000;0.000000;0.500000;0.250000;0.250000;0.223607;0.288675;0.288675;0.000000;0.000000;0.000000;0.377964;0.000000;0.000000;0.408248;0.353553;0.000000;0.000000;0.353553;0.250000;0.000000;0.500000;0.000000;0.353553;0.500000;0.204124;0.000000;0.000000;0.000000;0.000000;0.000000;0.000000;0.288675;0.353553;0.000000;0.000000;0.000000;0.204124;0.353553;0.000000;0.000000;0.166667;0.288675;0.000000;0.288675;0.577350;0.250000;0.000000;0.000000;0.500000;0.250000;0.353553;0.000000;0.000000;0.000000;0.288675;0.353553;0.250000;0.250000;0.204124
Hall;0.000000;0.000000;0.000000;0.000000;0.000000;0.353553;0.000000;0.000000;0.707107;0.000000;0.316228;0.000000;0.000000;0.353553;0.500000;0.000000;0.000000;0.000000;0.000000;0.408248;0.000000;0.000000;0.500000;0.534522;0.000000;0.316228;0.000000;0.353553;0.000000;0.000000;0.000000;0.000000;0.000000;0.288675;0.000000;0.000000;0.816497;0.000000;0.632456;0.000000;0.000000;0.000000;0.000000;0.000000;0.000000;0.316228;0.000000;0.000000;0.316228;0.408248;0.000000;0.267261;0.000000;0.000000;0.288675;0.000000;0.000000;0.000000;0.000000;0.000000;0.000000;0.000000;0.316228;0.000000;0.000000;0.000000;0.000000;0.000000;0.353553;0.000000;0.000000;0.000000;0.408248;0.000000;0.000000;0.000000;0.000000;0.288675;0.000000;0.000000;0.267261;0.235702;0.000000;0.000000;0.000000;0.000000;0.000000;0.288675;0.000000;0.000000;0.000000;0.000000;0.000000;0.000000;0.353553;0.408248;0.000000;0.000000;0.000000;0.288675
Harris;0.000000;0.288675;0.000000;0.288675;0.408248;0.204124;0.000000;0.000000;0.204124;0.235702;0.365148;0.000000;0.204124;0.204124;0.000000;0.000000;0.204124;0.000000;0.000000;0.235702;0.204124;0.288675;0.577350;0.154303;0.000000;0.182574;0.000000;0.000000;0.000000;0.000000;0.408248;0.204124;0.288675;0.000000;0.000000;0.000000;0.235702;0.182574;0.182574;0.182574;0.000000;0.000000;0.000000;0.204124;0.204124;0.730297;0.235702;0.235702;0.182574;0.000000;0.000000;0.308607;0.000000;0.000000;0.666667;0.000000;0.000000;0.288675;0.000000;0.204124;0.288675;0.000000;0.000000;0.000000;0.000000;0.166667;0.000000;0.000000;0.204124;0.000000;0.000000;0.000000;0.471405;0.288675;0.000000;0.288675;0.000000;0.500000;0.000000;0.000000;0.308607;0.272166;0.235702;0.000000;0.000000;0.000000;0.204124;0.166667;0.000000;0.000000;0.612372;0.000000;0.408248;0.288675;0.204124;0.235702;0.000000;0.000000;0.612372;0.333333
Hernandez;0.408248;0.000000;0.000000;0.000000;0.000000;0.000000;0.000000;0.500000;0.000000;0.408248;0.316228;0.000000;0.353553;0.353553;0.000000;0.000000;0.000000;0.000000;0.500000;0.000000;0.353553;0.000000;0.000000;0.267261;0.000000;0.000000;0.000000;0.000000;0.000000;0.000000;0.000000;0.000000;0.000000;0.000000;0.000000;0.000000;0.000000;0.316228;0.000000;0.000000;0.000000;0.000000;0.000000;0.000000;0.353553;0.000000;0.000000;0.000000;0.000000;0.408248;0.408248;0.000000;0.000000;0.000000;0.000000;0.500000;0.000000;0.000000;0.000000;0.000000;0.000000;0.000000;0.316228;0.000000;0.353553;0.000000;0.000000;0.000000;0.000000;0.000000;0.000000;0.000000;0.000000;0.000000;0.000000;0.500000;0.000000;0.000000;0.000000;0.000000;0.000000;0.000000;0.000000;0.000000;0.408248;0.000000;0.353553;0.000000;0.000000;0.000000;0.000000;0.500000;0.000000;0.500000;0.000000;0.000000;0.000000;0.000000;0.000000;0.000000
Hill;0.577350;0.000000;0.000000;0.353553;0.000000;0.000000;0.000000;0.353553;0.250000;0.288675;0.223607;0.000000;0.500000;0.000000;0.353553;0.000000;0.000000;0.000000;0.353553;0.000000;0.500000;0.353553;0.000000;0.188982;0.000000;0.000000;0.000000;0.000000;0.000000;0.000000;0.000000;0.500000;0.000000;0.000000;0.000000;0.000000;0.000000;0.670820;0.000000;0.894427;0.000000;0.000000;0.500000;0.000000;0.500000;0.000000;0.577350;0.000000;0.000000;0.000000;0.000000;0.000000;0.000000;0.000000;0.204124;0.353553;0.000000;0.000000;0.707107;0.250000;0.000000;0.500000;0.000000;0.707107;0.750000;0.000000;0.000000;0.000000;0.250000;0.000000;0.000000;0.000000;0.000000;0.353553;0.000000;0.000000;0.000000;0.204124;0.353553;0.000000;0.000000;0.000000;0.000000;0.000000;0.577350;0.866025;0.500000;0.000000;0.250000;0.500000;0.000000;0.353553;0.000000;0.000000;0.250000;0.288675;0.707107;0.000000;0.000000;0.000000
Howard;0.000000;0.000000;0.000000;0.000000;0.000000;0.288675;0.000000;0.000000;0.577350;0.000000;0.258199;0.000000;0.000000;0.288675;0.408248;0.000000;0.000000;0.000000;0.000000;0.666667;0.000000;0.000000;0.408248;0.436436;0.000000;0.258199;0.000000;0.288675;0.000000;0.333333;0.000000;0.000000;0.816497;0.235702;0.000000;0.000000;0.000000;0.000000;0.516398;0.000000;0.000000;0.000000;0.000000;0.000000;0.000000;0.258199;0.000000;0.000000;0.258199;0.333333;0.333333;0.218218;0.000000;0.000000;0.235702;0.000000;0.000000;0.408248;0.000000;0.000000;0.000000;0.000000;0.258199;0.000000;0.000000;0.000000;0.000000;0.000000;0.288675;0.000000;0.000000;0.000000;0.333333;0.000000;0.000000;0.000000;0.000000;0.235702;0.000000;0.000000;0.218218;0.192450;0.000000;0.000000;0.000000;0.000000;0.000000;0.235702;0.000000;0.000000;0.000000;0.000000;0.000000;0.000000;0.288675;0.333333;0.000000;0.000000;0.000000;0.235702
Hughes;0.516398;0.000000;0.000000;0.632456;0.223607;0.000000;0.000000;0.632456;0.223607;0.774597;0.200000;0.000000;0.894427;0.000000;0.316228;0.000000;0.000000;0.000000;0.632456;0.000000;0.894427;0.316228;0.000000;0.169031;0.000000;0.000000;0.000000;0.000000;0.000000;0.000000;0.447214;0.223607;0.000000;0.182574;0.316228;0.670820;0.000000;0.000000;0.000000;0.800000;0.000000;0.000000;0.447214;0.000000;0.670820;0.000000;0.774597;0.258199;0.000000;0.000000;0.000000;0.000000;0.000000;0.000000;0.365148;0.632456;0.000000;0.316228;0.316228;0.223607;0.000000;0.447214;0.200000;0.316228;0.670820;0.000000;0.000000;0.000000;0.223607;0.000000;0.000000;0.000000;0.000000;0.316228;0.000000;0.632456;0.000000;0.365148;0.000000;0.000000;0.000000;0.000000;0.000000;0.000000;0.774597;0.516398;0.670820;0.000000;0.223607;0.447214;0.000000;0.316228;0.000000;0.632456;0.223607;0.000000;0.632456;0.000000;0.000000;0.000000
Jackson;0.000000;0.000000;0.000000;0.000000;0.000000;0.223607;0.223607;0.000000;0.447214;0.000000;0.400000;0.258199;0.000000;0.223607;0.316228;0.000000;0.000000;0.223607;0.000000;0.258199;0.000000;0.000000;0.316228;0.676123;0.000000;0.400000;0.316228;0.223607;0.000000;0.000000;0.000000;0.000000;0.632456;0.182574;0.000000;0.000000;0.516398;0.000000;0.000000;0.000000;0.000000;0.000000;0.000000;0.000000;0.000000;0.200000;0.000000;0.000000;0.400000;0.516398;0.000000;0.338062;0.632456;0.000000;0.182574;0.000000;0.000000;0.000000;0.000000;0.000000;0.000000;0.000000;0.200000;0.000000;0.000000;0.365148;0.000000;0.000000;0.447214;0.000000;0.000000;0.000000;0.258199;0.000000;0.000000;0.000000;0.316228;0.182574;0.000000;0.000000;0.338062;0.298142;0.000000;0.316228;0.000000;0.000000;0.000000;0.365148;0.000000;0.000000;0.000000;0.000000;0.000000;0.000000;0.223607;0.258199;0.000000;0.223607;0.000000;0.365148
James;0.516398;0.000000;0.000000;0.632456;0.223607;0.000000;0.000000;0.316228;0.223607;0.516398;0.200000;0.000000;0.670820;0.000000;0.316228;0.000000;0.000000;0.000000;0.316228;0.000000;0.670820;0.316228;0.000000;0.169031;0.000000;0.000000;0.000000;0.000000;0.000000;0.000000;0.447214;0.447214;0.000000;0.182574;0.000000;0.894427;0.000000;0.800000;0.000000;0.000000;0.000000;0.000000;0.447214;0.000000;0.670820;0.000000;0.774597;0.258199;0.000000;0.000000;0.000000;0.000000;0.000000;0.000000;0.365148;0.316228;0.000000;0.316228;0.632456;0.223607;0.000000;0.447214;0.000000;0.632456;0.670820;0.000000;0.000000;0.000000;0.223607;0.000000;0.000000;0.000000;0.000000;0.632456;0.000000;0.316228;0.000000;0.365148;0.316228;0.000000;0.000000;0.000000;0.000000;0.000000;0.516398;0.774597;0.670820;0.000000;0.223607;0.447214;0.000000;0.316228;0.000000;0.316228;0.223607;0.258199;0.632456;0.000000;0.000000;0.000000
Jenkins;0.000000;0.000000;1.000000;0.000000;0.000000;0.000000;0.707107;0.000000;0.000000;0.000000;0.000000;0.816497;0.000000;0.000000;0.000000;1.000000;0.000000;0.707107;0.000000;0.000000;0.000000;0.000000;0.000000;0.000000;0.500000;0.000000;0.000000;0.000000;0.000000;0.408248;0.000000;0.000000;0.000000;0.000000;0.000000;0.000000;0.000000;0.000000;0.000000;0.000000;0.000000;0.816497;0.000000;0.000000;0.000000;0.000000;0.000000;0.000000;0.000000;0.000000;0.000000;0.000000;0.000000;0.500000;0.000000;0.000000;0.816497;0.000000;0.000000;0.000000;0.000000;0.000000;0.000000;0.000000;0.000000;0.288675;0.500000;0.000000;0.000000;0.000000;0.000000;0.000000;0.000000;0.000000;0.000000;0.000000;0.500000;0.000000;0.000000;0.707107;0.267261;0.235702;0.000000;0.500000;0.000000;0.000000;0.000000;0.288675;0.000000;0.000000;0.000000;0.000000;0.000000;0.000000;0.000000;0.000000;0.000000;0.000000;0.000000;0.000000
Johnson;0.000000;0.000000;0.816497;0.000000;0.000000;0.000000;0.866025;0.000000;0.000000;0.000000;0.000000;0.666667;0.000000;0.000000;0.000000;0.816497;0.000000;0.866025;0.000000;0.000000;0.000000;0.000000;0.000000;0.000000;0.816497;0.000000;0.000000;0.000000;0.000000;0.333333;0.000000;0.000000;0.000000;0.000000;0.000000;0.000000;0.000000;0.000000;0.000000;0.000000;0.816497;0.000000;0.000000;0.000000;0.000000;0.000000;0.000000;0.000000;0.000000;0.000000;0.000000;0.000000;0.000000;0.816497;0.000000;0.000000;1.000000;0.000000;0.000000;0.000000;0.000000;0.000000;0.000000;0.000000;0.000000;0.235702;0.816497;0.000000;0.000000;0.000000;0.000000;0.000000;0.000000;0.000000;0.000000;0.000000;0.408248;0.000000;0.000000;0.577350;0.218218;0.192450;0.000000;0.408248;0.000000;0.000000;0.000000;0.235702;0.000000;0.000000;0.000000;0.000000;0.000000;0.000000;0.000000;0.000000;0.000000;0.000000;0.000000;0.000000
Jones;0.000000;0.000000;0.000000;0.000000;0.000000;0.000000;0.000000;0.707107;0.500000;0.000000;0.000000;0.000000;0.000000;0.000000;0.000000;0.000000;0.000000;0.000000;0.000000;0.000000;0.500000;0.707107;0.000000;0.000000;0.000000;0.000000;0.000000;0.000000;0.000000;0.000000;0.000000;0.500000;0.000000;0.000000;0.000000;0.500000;0.000000;0.447214;0.000000;0.447214;0.000000;0.000000;0.000000;0.000000;0.000000;0.000000;0.577350;0.000000;0.000000;0.000000;0.000000;0.000000;0.000000;0.000000;0.408248;0.707107;0.000000;0.000000;0.000000;0.500000;0.000000;1.000000;0.000000;0.000000;0.500000;0.000000;0.000000;0.000000;0.000000;0.000000;0.000000;0.000000;0.000000;0.000000;0.000000;0.000000;0.000000;0.408248;0.000000;0.000000;0.000000;0.000000;0.000000;0.000000;0.577350;0.577350;0.000000;0.000000;0.000000;1.000000;0.000000;0.000000;0.000000;0.000000;0.000000;0.000000;0.707107;0.000000;0.000000;0.000000
Kelly;0.000000;0.000000;0.000000;0.000000;0.250000;0.250000;0.000000;0.000000;0.000000;0.000000;0.000000;0.000000;0.000000;0.250000;0.000000;0.000000;0.500000;0.000000;0.000000;0.000000;0.000000;0.000000;0.000000;0.188982;0.000000;0.000000;0.000000;0.500000;0.353553;0.000000;0.000000;0.250000;0.000000;0.204124;0.000000;0.000000;0.000000;0.000000;0.000000;0.000000;0.000000;0.000000;0.000000;0.000000;0.000000;0.223607;0.000000;0.000000;0.000000;0.000000;0.000000;0.377964;0.000000;0.000000;0.408248;0.000000;0.000000;0.000000;0.000000;0.250000;0.353553;0.000000;0.447214;0.000000;0.000000;0.000000;0.000000;0.000000;0.250000;0.000000;0.000000;0.000000;0.288675;0.000000;0.500000;0.000000;0.000000;0.000000;0.000000;0.000000;0.188982;0.333333;0.288675;0.000000;0.000000;0.000000;0.000000;0.000000;0.000000;0.000000;0.500000;0.000000;0.000000;0.000000;0.000000;0.288675;0.000000;0.250000;0.250000;0.612372
King;0.577350;0.000000;0.000000;0.353553;0.250000;0.000000;0.000000;0.353553;0.000000;0.577350;0.000000;0.000000;0.750000;0.000000;0.000000;0.000000;0.000000;0.000000;0.353553;0.000000;0.500000;0.000000;0.000000;0.000000;0.000000;0.000000;0.000000;0.000000;0.000000;0.000000;0.500000;0.250000;0.000000;0.204124;0.353553;0.500000;0.000000;0.670820;0.000000;0.670820;0.000000;0.000000;0.000000;0.000000;0.000000;0.000000;0.288675;0.288675;0.000000;0.000000;0.000000;0.000000;0.000000;0.000000;0.204124;0.353553;0.000000;0.353553;0.353553;0.000000;0.000000;0.000000;0.223607;0.353553;0.500000;0.000000;0.000000;0.000000;0.000000;0.000000;0.000000;0.000000;0.000000;0.707107;0.000000;0.707107;0.000000;0.204124;0.353553;0.000000;0.000000;0.000000;0.000000;0.000000;0.288675;0.577350;0.750000;0.000000;0.000000;0.000000;0.000000;0.707107;0.000000;0.707107;0.000000;0.288675;0.000000;0.000000;0.000000;0.000000
Lee;0.000000;0.316228;0.000000;0.000000;0.000000;0.223607;0.000000;0.000000;0.447214;0.000000;0.400000;0.000000;0.000000;0.223607;0.000000;0.000000;0.223607;0.000000;0.000000;0.258199;0.000000;0.316228;0.632456;0.169031;0.000000;0.200000;0.000000;0.000000;0.000000;0.000000;0.000000;0.223607;0.316228;0.730297;0.000000;0.000000;0.258199;0.000000;0.200000;0.000000;0.000000;0.000000;0.000000;0.223607;0.000000;0.000000;0.000000;0.258199;0.200000;0.000000;0.000000;0.338062;0.000000;0.000000;0.365148;0.000000;0.000000;0.000000;0.000000;0.447214;0.000000;0.000000;0.000000;0.000000;0.000000;0.182574;0.000000;0.000000;0.223607;0.000000;0.000000;0.000000;0.774597;0.000000;0.000000;0.000000;0.000000;0.365148;0.000000;0.000000;0.338062;0.298142;0.258199;0.000000;0.000000;0.000000;0.000000;0.182574;0.000000;0.000000;0.670820;0.000000;0.447214;0.000000;0.223607;0.258199;0.000000;0.000000;0.670820;0.365148
Lewis;0.333333;0.000000;0.000000;0.816497;0.288675;0.000000;0.000000;0.408248;0.288675;0.666667;0.258199;0.000000;0.577350;0.000000;0.408248;0.000000;0.000000;0.000000;0.408248;0.000000;0.866025;0.408248;0.000000;0.218218;0.000000;0.000000;0.000000;0.000000;0.000000;0.000000;0.577350;0.288675;0.000000;0.235702;0.000000;0.577350;0.000000;0.774597;0.000000;0.774597;0.000000;0.000000;0.577350;0.000000;0.288675;0.000000;0.000000;0.333333;0.000000;0.000000;0.000000;0.000000;0.000000;0.000000;0.471405;0.408248;0.000000;0.408248;0.408248;0.288675;0.000000;0.577350;0.000000;0.408248;0.577350;0.000000;0.000000;0.000000;0.288675;0.000000;0.000000;0.000000;0.000000;0.408248;0.000000;0.408248;0.000000;0.471405;0.000000;0.000000;0.000000;0.000000;0.000000;0.000000;0.666667;0.333333;0.577350;0.000000;0.288675;0.577350;0.000000;0.000000;0.000000;0.408248;0.288675;0.000000;0.816497;0.000000;0.000000;0.000000
Long;0.000000;0.000000;0.000000;0.408248;0.577350;0.288675;0.000000;0.000000;0.288675;0.333333;0.000000;0.000000;0.288675;0.000000;0.000000;0.000000;0.000000;0.000000;0.000000;0.000000;0.288675;0.000000;0.000000;0.000000;0.000000;0.000000;0.000000;0.000000;0.000000;0.000000;0.577350;0.288675;0.000000;0.235702;0.000000;0.000000;0.000000;0.258199;0.000000;0.258199;0.000000;0.000000;0.000000;0.000000;0.288675;0.258199;0.333333;0.000000;0.000000;0.000000;0.000000;0.218218;0.000000;0.000000;0.235702;0.000000;0.000000;0.408248;0.000000;0.288675;0.000000;0.000000;0.000000;0.000000;0.000000;0.235702;0.000000;0.000000;0.000000;0.000000;0.000000;0.000000;0.333333;0.408248;0.000000;0.408248;0.000000;0.471405;0.000000;0.000000;0.000000;0.000000;0.000000;0.000000;0.000000;0.000000;0.288675;0.000000;0.000000;0.000000;0.000000;0.000000;0.000000;0.408248;0.000000;0.000000;0.000000;0.288675;0.000000;0.000000
Lopez;0.000000;0.632456;0.000000;0.000000;0.000000;0.000000;0.000000;0.000000;0.223607;0.000000;0.000000;0.000000;0.000000;0.223607;0.316228;0.000000;0.223607;0.000000;0.000000;0.000000;0.000000;0.316228;0.316228;0.169031;0.000000;0.200000;0.316228;0.223607;0.316228;0.258199;0.000000;0.000000;0.316228;0.182574;0.000000;0.000000;0.258199;0.000000;0.400000;0.000000;0.000000;0.000000;0.000000;0.000000;0.000000;0.200000;0.000000;0.000000;0.000000;0.258199;0.000000;0.169031;0.000000;0.000000;0.000000;0.000000;0.000000;0.000000;0.000000;0.000000;0.000000;0.000000;0.400000;0.000000;0.000000;0.182574;0.000000;0.000000;0.000000;0.447214;0.000000;0.316228;0.000000;0.000000;0.000000;0.000000;0.000000;0.000000;0.000000;0.000000;0.169031;0.298142;0.000000;0.000000;0.000000;0.000000;0.000000;0.365148;0.447214;0.000000;0.223607;0.000000;0.000000;0.000000;0.000000;0.000000;0.000000;0.000000;0.223607;0.365148
Martin;0.000000;0.000000;0.000000;0.000000;0.000000;0.000000;0.288675;0.000000;0.288675;0.000000;0.258199;0.333333;0.000000;0.577350;0.408248;0.000000;0.000000;0.288675;0.000000;0.000000;0.000000;0.000000;0.000000;0.654654;0.000000;0.000000;0.000000;0.288675;0.000000;0.000000;0.000000;0.000000;0.408248;0.000000;0.408248;0.000000;0.333333;0.000000;0.516398;0.000000;0.000000;0.000000;0.000000;0.000000;0.000000;0.000000;0.000000;0.000000;0.258199;0.000000;0.333333;0.000000;0.408248;0.000000;0.000000;0.000000;0.000000;0.000000;0.000000;0.000000;0.000000;0.000000;0.258199;0.000000;0.000000;0.235702;0.000000;0.000000;0.000000;0.000000;0.000000;0.000000;0.000000;0.000000;0.000000;0.000000;0.408248;0.000000;0.000000;0.000000;0.000000;0.192450;0.000000;0.408248;0.000000;0.000000;0.000000;0.235702;0.000000;0.000000;0.000000;0.000000;0.000000;0.000000;0.000000;0.000000;0.000000;0.000000;0.000000;0.000000
Martinez;0.000000;0.000000;0.000000;0.000000;0.000000;0.000000;0.000000;0.000000;0.000000;0.000000;0.258199;0.000000;0.000000;0.288675;0.000000;0.000000;0.000000;0.000000;0.000000;0.666667;0.000000;0.000000;0.000000;0.218218;0.000000;0.000000;0.000000;0.288675;0.000000;0.333333;0.000000;0.000000;0.000000;0.000000;0.408248;0.000000;0.333333;0.000000;0.000000;0.000000;0.000000;0.000000;0.000000;0.000000;0.000000;0.000000;0.000000;0.000000;0.000000;0.333333;0.000000;0.000000;0.000000;0.000000;0.000000;0.000000;0.000000;0.408248;0.000000;0.000000;0.000000;0.000000;0.000000;0.000000;0.000000;0.000000;0.000000;0.000000;0.000000;0.000000;0.000000;0.000000;0.000000;0.000000;0.000000;0.000000;0.000000;0.000000;0.000000;0.000000;0.000000;0.192450;0.000000;0.000000;0.000000;0.000000;0.000000;0.000000;0.288675;0.000000;0.000000;0.000000;0.000000;0.000000;0.288675;0.000000;0.000000;0.000000;0.000000;0.000000
Miller;0.000000;0.000000;0.000000;0.000000;0.377964;0.566947;0.000000;0.000000;0.188982;0.000000;0.169031;0.000000;0.000000;0.188982;0.000000;0.000000;0.000000;0.000000;0.000000;0.218218;0.000000;0.000000;0.267261;0.285714;0.000000;0.507093;0.534522;0.000000;0.267261;0.000000;0.000000;0.377964;0.267261;0.308607;0.000000;0.000000;0.218218;0.000000;0.338062;0.000000;0.000000;0.000000;0.000000;0.377964;0.000000;0.338062;0.000000;0.218218;0.169031;0.000000;0.000000;0.000000;0.000000;0.000000;0.462910;0.000000;0.000000;0.000000;0.000000;0.188982;0.267261;0.000000;0.169031;0.000000;0.000000;0.308607;0.000000;0.000000;0.377964;0.000000;0.267261;0.267261;0.436436;0.000000;0.377964;0.000000;0.000000;0.154303;0.000000;0.000000;0.428571;0.125988;0.654654;0.000000;0.000000;0.000000;0.000000;0.154303;0.000000;0.000000;0.377964;0.000000;0.000000;0.000000;0.377964;0.436436;0.000000;0.566947;0.188982;0.617213
Mitchell;0.000000;0.000000;0.000000;0.000000;0.000000;0.000000;0.353553;0.000000;0.000000;0.000000;0.316228;0.408248;0.000000;0.000000;0.000000;0.000000;0.000000;0.353553;0.000000;0.000000;0.000000;0.000000;0.000000;0.534522;0.000000;0.316228;0.000000;0.000000;0.000000;0.000000;0.000000;0.000000;0.000000;0.000000;0.000000;0.000000;0.000000;0.000000;0.632456;0.000000;0.000000;0.000000;0.000000;0.000000;0.000000;0.000000;0.000000;0.000000;0.000000;0.408248;0.000000;0.000000;0.000000;0.000000;0.000000;0.000000;0.000000;0.000000;0.000000;0.000000;0.000000;0.000000;0.000000;0.000000;0.000000;0.577350;0.000000;0.000000;0.353553;0.000000;0.000000;0.000000;0.000000;0.000000;0.000000;0.000000;0.500000;0.000000;0.000000;0.000000;0.000000;0.235702;0.000000;0.500000;0.000000;0.000000;0.000000;0.288675;0.000000;0.000000;0.000000;0.000000;0.000000;0.000000;0.000000;0.000000;0.000000;0.353553;0.000000;0.000000
Moore;0.000000;0.000000;0.500000;0.000000;0.000000;0.000000;0.707107;0.000000;0.000000;0.000000;0.000000;0.408248;0.000000;0.000000;0.000000;0.500000;0.000000;0.707107;0.000000;0.000000;0.000000;0.000000;0.000000;0.000000;1.000000;0.000000;0.000000;0.000000;0.000000;0.000000;0.000000;0.000000;0.000000;0.000000;0.000000;0.000000;0.000000;0.000000;0.000000;0.000000;0.500000;0.816497;0.000000;0.000000;0.000000;0.000000;0.000000;0.000000;0.000000;0.000000;0.000000;0.000000;0.000000;0.000000;0.000000;0.000000;0.816497;0.000000;0.000000;0.000000;0.000000;0.000000;0.000000;0.000000;0.000000;0.000000;1.000000;0.000000;0.000000;0.000000;0.000000;0.000000;0.000000;0.000000;0.000000;0.000000;0.000000;0.000000;0.000000;0.000000;0.000000;0.000000;0.000000;0.500000;0.000000;0.000000;0.000000;0.000000;0.000000;0.000000;0.000000;0.000000;0.000000;0.000000;0.000000;0.000000;0.000000;0.000000;0.000000;0.000000
Morales;0.000000;0.000000;0.000000;0.288675;0.612372;0.408248;0.000000;0.288675;0.408248;0.235702;0.182574;0.000000;0.204124;0.204124;0.000000;0.000000;0.000000;0.000000;0.000000;0.235702;0.408248;0.288675;0.288675;0.308607;0.000000;0.182574;0.000000;0.000000;0.288675;0.000000;0.408248;0.408248;0.288675;0.666667;0.000000;0.204124;0.235702;0.365148;0.182574;0.365148;0.000000;0.000000;0.408248;0.408248;0.204124;0.365148;0.471405;0.235702;0.000000;0.000000;0.000000;0.462910;0.000000;0.000000;0.000000;0.288675;0.000000;0.288675;0.000000;0.408248;0.577350;0.408248;0.182574;0.000000;0.204124;0.000000;0.000000;0.000000;0.408248;0.000000;0.000000;0.000000;0.471405;0.288675;0.408248;0.288675;0.000000;0.666667;0.000000;0.000000;0.154303;0.136083;0.235702;0.000000;0.235702;0.235702;0.204124;0.000000;0.000000;0.408248;0.408248;0.000000;0.000000;0.288675;0.204124;0.471405;0.288675;0.204124;0.204124;0.500000
Morgan;0.408248;0.000000;0.000000;0.000000;0.000000;0.000000;0.000000;1.000000;0.353553;0.408248;0.000000;0.000000;0.353553;0.000000;0.000000;0.000000;0.000000;0.000000;0.500000;0.000000;0.707107;0.500000;0.000000;0.000000;0.000000;0.000000;0.000000;0.000000;0.000000;0.000000;0.000000;0.353553;0.000000;0.000000;0.500000;0.353553;0.000000;0.632456;0.000000;0.316228;0.000000;0.000000;0.707107;0.000000;0.353553;0.000000;0.408248;0.000000;0.000000;0.000000;0.000000;0.000000;0.000000;0.000000;0.288675;0.000000;0.000000;0.000000;0.000000;0.353553;0.000000;0.707107;0.316228;0.000000;0.707107;0.000000;0.000000;0.000000;0.000000;0.000000;0.000000;0.000000;0.000000;0.000000;0.000000;0.500000;0.000000;0.288675;0.000000;0.000000;0.000000;0.000000;0.000000;0.000000;0.816497;0.408248;0.353553;0.000000;0.000000;0.707107;0.000000;0.500000;0.000000;0.500000;0.000000;0.000000;0.500000;0.000000;0.000000;0.000000
Morris;0.000000;0.000000;0.816497;0.000000;0.000000;0.000000;0.866025;0.000000;0.000000;0.000000;0.000000;0.666667;0.000000;0.000000;0.000000;0.816497;0.000000;0.866025;0.000000;0.000000;0.000000;0.000000;0.000000;0.000000;0.816497;0.000000;0.000000;0.000000;0.000000;0.333333;0.000000;0.000000;0.000000;0.000000;0.000000;0.000000;0.000000;0.000000;0.000000;0.000000;0.816497;1.000000;0.000000;0.000000;0.000000;0.000000;0.000000;0.000000;0.000000;0.000000;0.000000;0.000000;0.000000;0.816497;0.000000;0.000000;0.000000;0.000000;0.000000;0.000000;0.000000;0.000000;0.000000;0.000000;0.000000;0.235702;0.816497;0.000000;0.000000;0.000000;0.000000;0.000000;0.000000;0.000000;0.000000;0.000000;0.408248;0.000000;0.000000;0.577350;0.218218;0.192450;0.000000;0.408248;0.000000;0.000000;0.000000;0.235702;0.000000;0.000000;0.000000;0.000000;0.000000;0.000000;0.000000;0.000000;0.000000;0.000000;0.000000;0.000000
Murphy;0.000000;0.000000;0.000000;0.500000;0.353553;0.000000;0.000000;0.000000;0.000000;0.408248;0.000000;0.000000;0.353553;0.000000;0.000000;0.000000;0.000000;0.000000;0.000000;0.408248;0.353553;0.000000;0.000000;0.000000;0.000000;0.000000;0.000000;0.000000;0.000000;0.408248;0.707107;0.000000;0.000000;0.288675;0.000000;0.000000;0.408248;0.316228;0.000000;0.316228;0.000000;0.000000;0.000000;0.000000;0.353553;0.000000;0.408248;0.408248;0.000000;0.000000;0.408248;0.000000;0.000000;0.000000;0.288675;0.000000;0.000000;0.000000;0.000000;0.000000;0.000000;0.000000;0.000000;0.000000;0.000000;0.000000;0.000000;0.000000;0.000000;0.000000;0.000000;0.000000;0.000000;0.500000;0.000000;0.500000;0.000000;0.288675;0.000000;0.000000;0.000000;0.000000;0.000000;0.000000;0.000000;0.000000;0.353553;0.000000;0.000000;0.000000;0.000000;0.000000;0.000000;0.500000;0.000000;0.000000;0.000000;0.000000;0.000000;0.000000
Myers;0.816497;0.000000;0.000000;0.500000;0.000000;0.000000;0.000000;0.000000;0.000000;0.408248;0.316228;0.000000;0.353553;0.000000;0.500000;0.000000;0.000000;0.000000;0.500000;0.000000;0.353553;0.000000;0.000000;0.267261;0.000000;0.000000;0.000000;0.000000;0.000000;0.000000;0.000000;0.353553;0.000000;0.000000;0.000000;0.707107;0.000000;0.316228;0.000000;0.632456;0.000000;0.000000;0.000000;0.000000;0.353553;0.000000;0.408248;0.000000;0.000000;0.000000;0.000000;0.000000;0.000000;0.000000;0.000000;0.000000;0.000000;0.000000;0.000000;0.000000;0.000000;0.000000;0.000000;1.000000;0.707107;0.000000;0.000000;0.000000;0.353553;0.000000;0.000000;0.000000;0.000000;0.500000;0.000000;0.000000;0.000000;0.000000;0.500000;0.000000;0.000000;0.000000;0.000000;0.000000;0.408248;0.408248;0.707107;0.000000;0.353553;0.000000;0.000000;0.500000;0.000000;0.000000;0.353553;0.408248;0.500000;0.000000;0.000000;0.000000
Nelson;0.000000;0.000000;0.000000;0.000000;0.250000;0.250000;0.000000;0.353553;0.500000;0.000000;0.223607;0.000000;0.000000;0.500000;0.000000;0.000000;0.250000;0.000000;0.000000;0.000000;0.250000;0.353553;0.000000;0.188982;0.000000;0.000000;0.000000;0.000000;0.353553;0.000000;0.000000;0.250000;0.000000;0.204124;0.000000;0.250000;0.000000;0.223607;0.000000;0.223607;0.000000;0.000000;0.500000;0.250000;0.000000;0.447214;0.288675;0.288675;0.000000;0.000000;0.000000;0.188982;0.000000;0.000000;0.408248;0.353553;0.000000;0.000000;0.000000;0.000000;0.353553;0.500000;0.223607;0.000000;0.250000;0.000000;0.000000;0.000000;0.250000;0.000000;0.000000;0.000000;0.288675;0.000000;0.500000;0.000000;0.000000;0.408248;0.000000;0.000000;0.188982;0.166667;0.000000;0.000000;0.288675;0.288675;0.000000;0.204124;0.000000;0.500000;0.500000;0.000000;0.500000;0.000000;0.000000;0.288675;0.353553;0.250000;0.250000;0.204124
Nguyen;0.000000;0.000000;0.000000;0.000000;0.707107;0.353553;0.000000;0.000000;0.000000;0.000000;0.000000;0.000000;0.000000;0.353553;0.000000;0.000000;0.000000;0.000000;0.000000;0.000000;0.000000;0.000000;0.000000;0.267261;0.000000;0.000000;0.000000;0.000000;0.500000;0.000000;0.000000;0.000000;0.000000;0.288675;0.000000;0.000000;0.000000;0.000000;0.000000;0.000000;0.000000;0.000000;0.000000;0.353553;0.000000;0.000000;0.000000;0.000000;0.000000;0.000000;0.000000;0.267261;0.000000;0.000000;0.577350;0.000000;0.000000;0.000000;0.000000;0.353553;0.000000;0.000000;0.316228;0.000000;0.000000;0.000000;0.000000;0.000000;0.353553;0.000000;0.000000;0.000000;0.000000;0.000000;0.707107;0.000000;0.000000;0.288675;0.000000;0.000000;0.000000;0.000000;0.000000;0.000000;0.000000;0.000000;0.000000;0.000000;0.000000;0.000000;0.353553;0.000000;0.000000;0.000000;0.000000;0.408248;0.000000;0.353553;0.000000;0.288675
Ortiz;0.000000;0.000000;0.000000;0.000000;0.000000;0.000000;0.000000;0.707107;0.500000;0.000000;0.000000;0.000000;0.000000;0.000000;0.000000;0.000000;0.000000;0.000000;0.000000;0.000000;0.500000;0.707107;0.000000;0.000000;0.000000;0.000000;0.000000;0.000000;0.000000;0.000000;0.000000;0.500000;0.000000;0.000000;0.000000;0.500000;0.000000;0.447214;0.000000;0.447214;0.000000;0.000000;1.000000;0.000000;0.000000;0.000000;0.577350;0.000000;0.000000;0.000000;0.000000;0.000000;0.000000;0.000000;0.408248;0.707107;0.000000;0.000000;0.000000;0.500000;0.000000;0.000000;0.000000;0.000000;0.500000;0.000000;0.000000;0.000000;0.000000;0.000000;0.000000;0.000000;0.000000;0.000000;0.000000;0.000000;0.000000;0.408248;0.000000;0.000000;0.000000;0.000000;0.000000;0.000000;0.577350;0.577350;0.000000;0.000000;0.000000;1.000000;0.000000;0.000000;0.000000;0.000000;0.000000;0.000000;0.707107;0.000000;0.000000;0.000000
Parker;0.258199;0.000000;0.000000;0.000000;0.223607;0.223607;0.000000;0.316228;0.223607;0.258199;0.000000;0.000000;0.223607;0.447214;0.316228;0.000000;0.447214;0.000000;0.316228;0.000000;0.223607;0.000000;0.000000;0.338062;0.000000;0.000000;0.000000;0.447214;0.316228;0.258199;0.000000;0.000000;0.316228;0.000000;0.316228;0.000000;0.258199;0.200000;0.200000;0.000000;0.000000;0.000000;0.000000;0.447214;0.223607;0.000000;0.000000;0.000000;0.400000;0.258199;0.000000;0.169031;0.000000;0.000000;0.182574;0.316228;0.000000;0.000000;0.000000;0.223607;0.316228;0.000000;0.000000;0.000000;0.223607;0.000000;0.000000;0.000000;0.223607;0.000000;0.000000;0.000000;0.000000;0.000000;0.447214;0.316228;0.000000;0.000000;0.000000;0.000000;0.169031;0.298142;0.000000;0.000000;0.258199;0.000000;0.223607;0.182574;0.223607;0.000000;0.223607;0.316228;0.000000;0.316228;0.000000;0.258199;0.000000;0.223607;0.000000;0.182574
Perez;0.816497;0.000000;0.000000;0.500000;0.000000;0.000000;0.000000;0.000000;0.000000;0.408248;0.316228;0.000000;0.353553;0.000000;0.500000;0.000000;0.000000;0.000000;0.500000;0.000000;0.353553;0.000000;0.000000;0.267261;0.000000;0.000000;0.000000;0.000000;0.000000;0.000000;0.000000;0.353553;0.000000;0.000000;0.000000;0.707107;0.000000;0.316228;0.000000;0.632456;0.000000;0.000000;0.000000;0.000000;0.353553;0.000000;0.408248;0.000000;0.000000;0.000000;0.000000;0.000000;0.000000;0.000000;0.000000;0.000000;0.000000;0.000000;1.000000;0.000000;0.000000;0.000000;0.000000;0.000000;0.707107;0.000000;0.000000;0.000000;0.353553;0.000000;0.000000;0.000000;0.000000;0.500000;0.000000;0.000000;0.000000;0.000000;0.500000;0.000000;0.000000;0.000000;0.000000;0.000000;0.408248;0.408248;0.707107;0.000000;0.353553;0.000000;0.000000;0.500000;0.000000;0.000000;0.353553;0.408248;0.500000;0.000000;0.000000;0.000000
Perry;0.866025;0.000000;0.000000;0.353553;0.000000;0.000000;0.000000;0.707107;0.250000;0.577350;0.223607;0.000000;0.500000;0.000000;0.353553;0.000000;0.000000;0.000000;0.707107;0.000000;0.750000;0.353553;0.000000;0.188982;0.000000;0.000000;0.000000;0.000000;0.000000;0.000000;0.000000;0.500000;0.000000;0.000000;0.353553;0.750000;0.000000;0.670820;0.000000;0.670820;0.000000;0.000000;0.500000;0.000000;0.500000;0.000000;0.577350;0.000000;0.000000;0.000000;0.000000;0.000000;0.000000;0.000000;0.204124;0.707107;0.000000;0.000000;0.707107;0.250000;0.000000;0.500000;0.223607;0.707107;0.000000;0.000000;0.000000;0.000000;0.250000;0.000000;0.000000;0.000000;0.000000;0.353553;0.000000;0.353553;0.000000;0.204124;0.353553;0.000000;0.000000;0.000000;0.000000;0.000000;0.866025;0.577350;0.750000;0.000000;0.250000;0.500000;0.000000;0.707107;0.000000;0.353553;0.250000;0.288675;0.707107;0.000000;0.000000;0.000000
Peterson;0.000000;0.288675;0.288675;0.000000;0.204124;0.204124;0.408248;0.000000;0.000000;0.000000;0.182574;0.471405;0.000000;0.000000;0.000000;0.288675;0.000000;0.408248;0.000000;0.000000;0.000000;0.288675;0.288675;0.308607;0.000000;0.365148;0.000000;0.000000;0.000000;0.235702;0.000000;0.204124;0.000000;0.166667;0.000000;0.000000;0.000000;0.000000;0.365148;0.000000;0.288675;0.235702;0.000000;0.000000;0.000000;0.182574;0.000000;0.235702;0.182574;0.235702;0.000000;0.308607;0.577350;0.000000;0.000000;0.000000;0.235702;0.000000;0.000000;0.000000;0.000000;0.000000;0.000000;0.000000;0.000000;0.000000;0.000000;0.000000;0.204124;0.000000;0.000000;0.288675;0.000000;0.000000;0.000000;0.000000;0.577350;0.000000;0.000000;0.408248;0.154303;0.272166;0.235702;0.288675;0.000000;0.000000;0.000000;0.333333;0.000000;0.000000;0.204124;0.000000;0.000000;0.000000;0.000000;0.000000;0.000000;0.408248;0.204124;0.000000
Phillips;0.000000;0.000000;0.500000;0.000000;0.000000;0.000000;0.707107;0.000000;0.000000;0.000000;0.000000;0.408248;0.000000;0.000000;0.000000;0.500000;0.000000;0.707107;0.000000;0.000000;0.000000;0.000000;0.000000;0.000000;1.000000;0.000000;0.000000;0.000000;0.000000;0.000000;0.000000;0.000000;0.000000;0.000000;0.000000;0.000000;0.000000;0.000000;0.000000;0.000000;0.500000;0.816497;0.000000;0.000000;0.000000;0.000000;0.000000;0.000000;0.000000;0.000000;0.000000;0.000000;0.000000;1.000000;0.000000;0.000000;0.816497;0.000000;0.000000;0.000000;0.000000;0.000000;0.000000;0.000000;0.000000;0.000000;0.000000;0.000000;0.000000;0.000000;0.000000;0.000000;0.000000;0.000000;0.000000;0.000000;0.000000;0.000000;0.000000;0.000000;0.000000;0.000000;0.000000;0.500000;0.000000;0.000000;0.000000;0.000000;0.000000;0.000000;0.000000;0.000000;0.000000;0.000000;0.000000;0.000000;0.000000;0.000000;0.000000;0.000000
Powell;0.000000;0.000000;0.000000;0.000000;0.000000;0.000000;0.000000;0.000000;0.000000;0.000000;0.000000;0.000000;0.000000;0.000000;0.000000;0.000000;0.000000;0.000000;0.000000;0.000000;0.000000;0.000000;0.000000;0.000000;0.000000;0.000000;0.000000;0.000000;0.000000;0.000000;0.000000;0.000000;0.000000;0.000000;0.000000;0.000000;0.000000;0.000000;0.000000;0.000000;0.000000;0.000000;0.000000;0.000000;0.000000;0.000000;0.000000;0.000000;0.000000;0.000000;0.000000;0.000000;0.000000;0.000000;0.000000;0.000000;0.000000;0.000000;0.000000;0.000000;0.000000;0.000000;0.000000;0.000000;0.000000;0.000000;0.000000;0.000000;0.000000;0.000000;0.707107;0.000000;0.000000;0.000000;0.000000;0.000000;0.000000;0.000000;0.000000;0.000000;0.377964;0.333333;0.000000;0.000000;0.000000;0.000000;0.000000;0.000000;0.000000;0.000000;0.000000;0.000000;0.000000;0.000000;0.000000;0.000000;0.000000;0.000000;0.000000;0.000000
Price;0.288675;0.000000;0.000000;0.353553;0.250000;0.500000;0.000000;0.000000;0.250000;0.288675;0.670820;0.000000;0.250000;0.250000;0.353553;0.000000;0.000000;0.000000;0.353553;0.288675;0.250000;0.000000;0.353553;0.755929;0.000000;0.447214;0.000000;0.000000;0.353553;0.000000;0.000000;0.000000;0.353553;0.204124;0.000000;0.250000;0.288675;0.223607;0.447214;0.223607;0.000000;0.000000;0.000000;0.250000;0.000000;0.223607;0.288675;0.000000;0.000000;0.000000;0.000000;0.377964;0.353553;0.000000;0.408248;0.000000;0.000000;0.000000;0.353553;0.250000;0.353553;0.000000;0.223607;0.353553;0.250000;0.204124;0.000000;0.000000;0.000000;0.000000;0.000000;0.000000;0.288675;0.000000;0.500000;0.000000;0.000000;0.204124;0.000000;0.000000;0.188982;0.166667;0.000000;0.000000;0.288675;0.000000;0.250000;0.204124;0.250000;0.000000;0.250000;0.000000;0.000000;0.000000;0.500000;0.577350;0.353553;0.500000;0.000000;0.408248
Ramirez;0.000000;0.707107;0.000000;0.000000;0.000000;0.000000;0.000000;0.000000;0.000000;0.000000;0.000000;0.000000;0.000000;0.000000;0.000000;0.000000;0.000000;0.000000;0.000000;0.000000;0.000000;0.000000;0.000000;0.000000;0.000000;0.447214;0.000000;0.000000;0.707107;0.000000;0.000000;0.000000;0.000000;0.000000;0.000000;0.000000;0.000000;0.000000;0.000000;0.000000;0.000000;0.000000;0.000000;0.000000;0.000000;0.000000;0.000000;0.000000;0.447214;0.000000;0.000000;0.000000;0.000000;0.000000;0.000000;0.000000;0.000000;0.000000;0.000000;0.000000;0.000000;0.000000;0.000000;0.000000;0.000000;0.000000;0.000000;0.000000;0.000000;0.000000;0.000000;0.707107;0.000000;0.000000;0.000000;0.000000;0.000000;0.000000;0.000000;0.000000;0.000000;0.333333;0.000000;0.000000;0.000000;0.000000;0.000000;0.408248;0.500000;0.000000;0.000000;0.000000;0.000000;0.000000;0.000000;0.000000;0.000000;0.000000;0.000000;0.408248
Reed;0.000000;0.000000;0.000000;0.000000;0.000000;0.000000;0.000000;0.000000;0.000000;0.000000;0.000000;0.000000;0.000000;0.000000;0.000000;0.000000;0.000000;0.000000;0.000000;0.000000;0.000000;0.000000;0.000000;0.000000;0.000000;0.316228;0.500000;0.000000;0.000000;0.000000;0.000000;0.000000;0.000000;0.000000;0.000000;0.000000;0.000000;0.000000;0.000000;0.000000;0.000000;0.000000;0.000000;0.000000;0.000000;0.000000;0.000000;0.000000;0.000000;0.000000;0.000000;0.267261;0.000000;0.000000;0.000000;0.000000;0.000000;0.000000;0.000000;0.000000;0.000000;0.000000;0.000000;0.000000;0.000000;0.000000;0.000000;0.707107;0.000000;0.000000;0.000000;0.000000;0.000000;0.000000;0.000000;0.000000;0.000000;0.000000;0.000000;0.000000;0.534522;0.235702;0.408248;0.000000;0.000000;0.000000;0.000000;0.288675;0.000000;0.000000;0.000000;0.000000;0.000000;0.000000;0.353553;0.000000;0.000000;0.353553;0.000000;0.000000
Reyes;0.000000;0.500000;0.000000;0.000000;0.000000;0.000000;0.000000;0.000000;0.000000;0.000000;0.000000;0.000000;0.000000;0.000000;0.000000;0.000000;0.000000;0.000000;0.000000;0.000000;0.000000;0.000000;0.000000;0.000000;0.000000;0.632456;0.000000;0.000000;0.500000;0.000000;0.000000;0.000000;0.000000;0.000000;0.000000;0.000000;0.000000;0.000000;0.000000;0.000000;0.000000;0.000000;0.000000;0.000000;0.000000;0.000000;0.000000;0.000000;0.316228;0.000000;0.000000;0.267261;0.000000;0.000000;0.000000;0.000000;0.000000;0.000000;0.000000;0.000000;0.000000;0.000000;0.000000;0.000000;0.000000;0.288675;0.000000;0.000000;0.000000;0.707107;0.000000;0.000000;0.000000;0.000000;0.000000;0.000000;0.000000;0.000000;0.000000;0.000000;0.000000;0.235702;0.408248;0.000000;0.000000;0.000000;0.000000;0.288675;0.353553;0.000000;0.000000;0.000000;0.000000;0.000000;0.000000;0.000000;0.000000;0.000000;0.000000;0.288675
Richardson;0.000000;0.000000;0.000000;0.000000;0.000000;0.288675;0.000000;0.000000;0.577350;0.000000;0.258199;0.000000;0.000000;0.000000;0.000000;0.000000;0.000000;0.000000;0.000000;0.333333;0.000000;0.000000;0.408248;0.218218;0.000000;0.258199;0.000000;0.000000;0.000000;0.000000;0.000000;0.288675;0.408248;0.471405;0.000000;0.000000;0.333333;0.000000;0.258199;0.000000;0.000000;0.000000;0.000000;0.288675;0.000000;0.774597;0.000000;0.333333;0.000000;0.000000;0.000000;0.436436;0.000000;0.000000;0.471405;0.000000;0.000000;0.000000;0.000000;0.288675;0.000000;0.000000;0.000000;0.000000;0.000000;0.000000;0.000000;0.000000;0.288675;0.000000;0.000000;0.000000;0.000000;0.000000;0.000000;0.000000;0.000000;0.471405;0.000000;0.000000;0.218218;0.192450;0.333333;0.000000;0.000000;0.000000;0.000000;0.000000;0.000000;0.000000;0.288675;0.000000;0.000000;0.000000;0.288675;0.333333;0.000000;0.000000;0.288675;0.471405
Rivera;0.408248;0.000000;0.000000;0.500000;0.353553;0.000000;0.000000;0.000000;0.000000;0.408248;0.000000;0.000000;0.353553;0.000000;0.000000;0.000000;0.000000;0.000000;0.000000;0.000000;0.353553;0.000000;0.000000;0.000000;0.000000;0.000000;0.000000;0.000000;0.000000;0.000000;0.707107;0.353553;0.000000;0.288675;0.000000;0.353553;0.000000;0.316228;0.000000;0.632456;0.000000;0.000000;0.000000;0.000000;0.707107;0.000000;0.408248;0.408248;0.000000;0.000000;0.000000;0.000000;0.000000;0.000000;0.288675;0.000000;0.000000;0.500000;0.500000;0.000000;0.000000;0.000000;0.000000;0.500000;0.353553;0.000000;0.000000;0.000000;0.000000;0.000000;0.000000;0.000000;0.000000;0.000000;0.000000;0.500000;0.000000;0.288675;0.500000;0.000000;0.000000;0.000000;0.000000;0.000000;0.000000;0.408248;0.707107;0.000000;0.000000;0.000000;0.000000;0.500000;0.000000;0.500000;0.000000;0.408248;0.000000;0.000000;0.000000;0.000000
Roberts;0.000000;0.000000;0.000000;0.000000;0.500000;0.500000;0.000000;0.000000;0.000000;0.000000;0.000000;0.000000;0.000000;0.500000;0.000000;0.000000;0.000000;0.000000;0.000000;0.000000;0.000000;0.000000;0.000000;0.377964;0.000000;0.000000;0.000000;0.000000;0.707107;0.000000;0.000000;0.000000;0.000000;0.000000;0.000000;0.000000;0.000000;0.000000;0.000000;0.000000;0.000000;0.000000;0.000000;0.500000;0.000000;0.000000;0.000000;0.000000;0.000000;0.000000;0.000000;0.377964;0.000000;0.000000;0.408248;0.000000;0.000000;0.000000;0.000000;0.500000;0.707107;0.000000;0.447214;0.000000;0.000000;0.000000;0.000000;0.000000;0.500000;0.000000;0.000000;0.000000;0.000000;0.000000;0.000000;0.000000;0.000000;0.000000;0.000000;0.000000;0.000000;0.000000;0.000000;0.000000;0.000000;0.000000;0.000000;0.000000;0.000000;0.000000;0.500000;0.000000;0.000000;0.000000;0.000000;0.577350;0.000000;0.500000;0.000000;0.408248
Robinson;0.408248;0.000000;0.000000;0.500000;0.353553;0.000000;0.000000;0.500000;0.000000;0.816497;0.000000;0.000000;0.707107;0.000000;0.000000;0.000000;0.000000;0.000000;0.500000;0.000000;0.707107;0.000000;0.000000;0.000000;0.000000;0.000000;0.000000;0.000000;0.000000;0.000000;0.707107;0.000000;0.000000;0.288675;0.500000;0.000000;0.000000;0.632456;0.000000;0.316228;0.000000;0.000000;0.000000;0.000000;0.707107;0.000000;0.408248;0.408248;0.000000;0.000000;0.000000;0.000000;0.000000;0.000000;0.288675;0.500000;0.000000;0.500000;0.000000;0.000000;0.000000;0.000000;0.316228;0.000000;0.353553;0.000000;0.000000;0.000000;0.000000;0.000000;0.000000;0.000000;0.000000;0.500000;0.000000;0.000000;0.000000;0.288675;0.000000;0.000000;0.000000;0.000000;0.000000;0.000000;0.408248;0.000000;0.707107;0.000000;0.000000;0.000000;0.000000;0.500000;0.000000;1.000000;0.000000;0.000000;0.000000;0.000000;0.000000;0.000000
Rodriguez;0.000000;0.000000;0.500000;0.000000;0.000000;0.000000;0.707107;0.000000;0.000000;0.000000;0.000000;0.816497;0.000000;0.000000;0.000000;0.500000;0.000000;0.707107;0.000000;0.000000;0.000000;0.000000;0.000000;0.267261;0.000000;0.000000;0.000000;0.000000;0.000000;0.408248;0.000000;0.000000;0.000000;0.000000;0.000000;0.000000;0.000000;0.000000;0.316228;0.000000;0.500000;0.408248;0.000000;0.000000;0.000000;0.000000;0.000000;0.000000;0.000000;0.408248;0.000000;0.000000;0.500000;0.000000;0.000000;0.000000;0.408248;0.000000;0.000000;0.000000;0.000000;0.000000;0.000000;0.000000;0.000000;0.577350;0.000000;0.000000;0.000000;0.000000;0.000000;0.000000;0.000000;0.000000;0.000000;0.000000;0.000000;0.000000;0.000000;0.707107;0.267261;0.235702;0.000000;0.500000;0.000000;0.000000;0.000000;0.288675;0.000000;0.000000;0.000000;0.000000;0.000000;0.000000;0.000000;0.000000;0.000000;0.000000;0.000000;0.000000
Rogers;0.000000;0.000000;0.000000;0.288675;0.408248;0.408248;0.000000;0.288675;0.612372;0.235702;0.182574;0.000000;0.204124;0.000000;0.000000;0.000000;0.000000;0.000000;0.000000;0.235702;0.408248;0.288675;0.288675;0.154303;0.000000;0.182574;0.000000;0.000000;0.000000;0.000000;0.408248;0.204124;0.288675;0.500000;0.000000;0.204124;0.235702;0.365148;0.182574;0.365148;0.000000;0.000000;0.408248;0.000000;0.204124;0.365148;0.471405;0.471405;0.000000;0.000000;0.000000;0.154303;0.000000;0.000000;0.666667;0.288675;0.000000;0.288675;0.000000;0.408248;0.288675;0.408248;0.000000;0.000000;0.204124;0.000000;0.000000;0.000000;0.204124;0.000000;0.000000;0.000000;0.471405;0.288675;0.000000;0.288675;0.000000;0.000000;0.288675;0.000000;0.154303;0.000000;0.000000;0.000000;0.235702;0.235702;0.204124;0.000000;0.000000;0.408248;0.000000;0.000000;0.000000;0.288675;0.204124;0.235702;0.288675;0.000000;0.204124;0.166667
Ross;0.408248;0.000000;0.000000;0.000000;0.000000;0.353553;0.000000;0.000000;0.000000;0.000000;0.000000;0.000000;0.000000;0.000000;0.000000;0.000000;0.000000;0.000000;0.000000;0.000000;0.000000;0.000000;0.000000;0.000000;0.000000;0.000000;0.000000;0.000000;0.000000;0.000000;0.000000;0.353553;0.000000;0.000000;0.000000;0.353553;0.000000;0.000000;0.000000;0.316228;0.000000;0.000000;0.000000;0.000000;0.353553;0.000000;0.000000;0.000000;0.000000;0.000000;0.000000;0.000000;0.000000;0.000000;0.000000;0.000000;0.000000;0.000000;0.500000;0.000000;0.000000;0.000000;0.000000;0.500000;0.353553;0.000000;0.000000;0.000000;0.000000;0.000000;0.000000;0.000000;0.000000;0.500000;0.000000;0.000000;0.000000;0.288675;0.000000;0.000000;0.000000;0.000000;0.000000;0.000000;0.000000;0.408248;0.353553;0.000000;0.000000;0.000000;0.000000;0.500000;0.000000;0.000000;0.000000;0.408248;0.000000;0.000000;0.353553;0.000000
Russell;0.000000;0.000000;0.707107;0.000000;0.000000;0.000000;0.500000;0.000000;0.000000;0.000000;0.000000;0.577350;0.000000;0.000000;0.000000;0.707107;0.000000;0.500000;0.000000;0.000000;0.000000;0.000000;0.000000;0.000000;0.000000;0.000000;0.000000;0.000000;0.000000;0.577350;0.000000;0.000000;0.000000;0.000000;0.000000;0.000000;0.000000;0.000000;0.000000;0.000000;0.707107;0.577350;0.000000;0.000000;0.000000;0.000000;0.000000;0.000000;0.000000;0.000000;0.000000;0.000000;0.000000;0.000000;0.000000;0.000000;0.577350;0.000000;0.000000;0.000000;0.000000;0.000000;0.000000;0.000000;0.000000;0.408248;0.000000;0.000000;0.000000;0.000000;0.000000;0.000000;0.000000;0.000000;0.000000;0.000000;0.707107;0.000000;0.000000;0.000000;0.377964;0.333333;0.000000;0.000000;0.000000;0.000000;0.000000;0.408248;0.000000;0.000000;0.000000;0.000000;0.000000;0.000000;0.000000;0.000000;0.000000;0.000000;0.000000;0.000000
Sanchez;0.000000;0.000000;0.267261;0.000000;0.000000;0.188982;0.188982;0.000000;0.188982;0.000000;0.338062;0.218218;0.000000;0.188982;0.000000;0.267261;0.377964;0.188982;0.000000;0.218218;0.000000;0.000000;0.267261;0.142857;0.000000;0.338062;0.534522;0.188982;0.000000;0.218218;0.000000;0.000000;0.267261;0.308607;0.000000;0.000000;0.218218;0.000000;0.338062;0.000000;0.267261;0.218218;0.000000;0.188982;0.000000;0.338062;0.000000;0.000000;0.169031;0.000000;0.000000;0.428571;0.000000;0.000000;0.154303;0.000000;0.218218;0.000000;0.000000;0.188982;0.000000;0.000000;0.169031;0.000000;0.000000;0.154303;0.000000;0.377964;0.188982;0.000000;0.534522;0.000000;0.218218;0.000000;0.000000;0.000000;0.267261;0.154303;0.000000;0.377964;0.000000;0.503953;0.218218;0.000000;0.000000;0.000000;0.000000;0.462910;0.000000;0.000000;0.188982;0.000000;0.377964;0.000000;0.377964;0.218218;0.000000;0.188982;0.188982;0.308607
Sanders;0.000000;0.235702;0.235702;0.000000;0.000000;0.000000;0.166667;0.000000;0.166667;0.000000;0.298142;0.192450;0.000000;0.333333;0.235702;0.235702;0.333333;0.166667;0.000000;0.192450;0.000000;0.000000;0.000000;0.251976;0.000000;0.298142;0.000000;0.500000;0.235702;0.192450;0.000000;0.166667;0.235702;0.272166;0.000000;0.000000;0.192450;0.000000;0.298142;0.000000;0.235702;0.192450;0.000000;0.333333;0.000000;0.298142;0.000000;0.000000;0.298142;0.192450;0.192450;0.125988;0.235702;0.000000;0.136083;0.000000;0.192450;0.000000;0.000000;0.166667;0.000000;0.000000;0.298142;0.000000;0.000000;0.272166;0.000000;0.333333;0.166667;0.333333;0.235702;0.235702;0.192450;0.000000;0.000000;0.000000;0.235702;0.000000;0.000000;0.333333;0.503953;0.000000;0.192450;0.000000;0.000000;0.000000;0.000000;0.680414;0.333333;0.000000;0.333333;0.000000;0.333333;0.000000;0.166667;0.000000;0.000000;0.166667;0.333333;0.272166
Scott;0.000000;0.000000;0.000000;0.000000;0.000000;0.000000;0.000000;0.000000;0.000000;0.000000;0.000000;0.000000;0.000000;0.000000;0.000000;0.000000;0.000000;0.000000;0.000000;0.000000;0.000000;0.000000;0.000000;0.000000;0.000000;0.516398;0.408248;0.000000;0.000000;0.000000;0.000000;0.288675;0.000000;0.235702;0.000000;0.000000;0.000000;0.000000;0.000000;0.000000;0.000000;0.000000;0.000000;0.288675;0.000000;0.258199;0.000000;0.000000;0.000000;0.000000;0.000000;0.654654;0.000000;0.000000;0.235702;0.000000;0.000000;0.000000;0.000000;0.000000;0.000000;0.000000;0.000000;0.000000;0.000000;0.235702;0.000000;0.000000;0.000000;0.000000;0.408248;0.408248;0.333333;0.000000;0.000000;0.000000;0.000000;0.000000;0.000000;0.000000;0.218218;0.192450;0.000000;0.000000;0.000000;0.000000;0.000000;0.235702;0.000000;0.000000;0.288675;0.000000;0.000000;0.000000;0.288675;0.000000;0.000000;0.288675;0.288675;0.235702
Smith;0.000000;0.000000;0.500000;0.000000;0.000000;0.000000;0.707107;0.000000;0.000000;0.000000;0.000000;0.816497;0.000000;0.000000;0.000000;0.500000;0.000000;0.707107;0.000000;0.000000;0.000000;0.000000;0.000000;0.267261;0.500000;0.000000;0.000000;0.000000;0.000000;0.000000;0.000000;0.000000;0.000000;0.000000;0.000000;0.000000;0.000000;0.000000;0.316228;0.000000;0.500000;0.408248;0.000000;0.000000;0.000000;0.000000;0.000000;0.000000;0.000000;0.408248;0.000000;0.000000;0.500000;0.500000;0.000000;0.000000;0.408248;0.000000;0.000000;0.000000;0.000000;0.000000;0.000000;0.000000;0.000000;0.288675;0.500000;0.000000;0.000000;0.000000;0.000000;0.000000;0.000000;0.000000;0.000000;0.000000;0.500000;0.000000;0.000000;0.000000;0.000000;0.000000;0.000000;0.000000;0.000000;0.000000;0.000000;0.000000;0.000000;0.000000;0.000000;0.000000;0.000000;0.000000;0.000000;0.000000;0.000000;0.000000;0.000000;0.000000
Stewart;0.666667;0.000000;0.000000;0.408248;0.000000;0.000000;0.000000;0.816497;0.288675;0.666667;0.258199;0.000000;0.577350;0.000000;0.408248;0.000000;0.000000;0.000000;0.816497;0.000000;0.866025;0.408248;0.000000;0.218218;0.000000;0.000000;0.000000;0.000000;0.000000;0.000000;0.000000;0.288675;0.000000;0.000000;0.408248;0.577350;0.000000;0.774597;0.000000;0.516398;0.000000;0.000000;0.577350;0.000000;0.288675;0.000000;0.666667;0.000000;0.000000;0.000000;0.000000;0.000000;0.000000;0.000000;0.235702;0.816497;0.000000;0.000000;0.408248;0.288675;0.000000;0.577350;0.258199;0.408248;0.866025;0.000000;0.000000;0.000000;0.288675;0.000000;0.000000;0.000000;0.000000;0.000000;0.000000;0.408248;0.000000;0.235702;0.000000;0.000000;0.000000;0.000000;0.000000;0.000000;0.000000;0.333333;0.577350;0.000000;0.288675;0.577350;0.000000;0.408248;0.000000;0.408248;0.288675;0.000000;0.816497;0.000000;0.000000;0.000000
Sullivan;0.333333;0.000000;0.000000;0.000000;0.000000;0.000000;0.000000;0.408248;0.288675;0.000000;0.000000;0.000000;0.288675;0.000000;0.000000;0.000000;0.000000;0.000000;0.000000;0.000000;0.288675;0.408248;0.000000;0.000000;0.000000;0.000000;0.000000;0.000000;0.000000;0.000000;0.000000;0.577350;0.000000;0.000000;0.000000;0.866025;0.000000;0.516398;0.000000;0.774597;0.000000;0.000000;0.577350;0.000000;0.577350;0.000000;0.333333;0.000000;0.000000;0.000000;0.000000;0.000000;0.000000;0.000000;0.235702;0.408248;0.000000;0.000000;0.408248;0.288675;0.000000;0.577350;0.000000;0.408248;0.577350;0.000000;0.000000;0.000000;0.000000;0.000000;0.000000;0.000000;0.000000;0.408248;0.000000;0.000000;0.000000;0.235702;0.408248;0.000000;0.000000;0.000000;0.000000;0.000000;0.333333;0.000000;0.288675;0.000000;0.000000;0.577350;0.000000;0.408248;0.000000;0.000000;0.000000;0.333333;0.408248;0.000000;0.000000;0.000000
Taylor;0.866025;0.000000;0.000000;0.707107;0.250000;0.000000;0.000000;0.353553;0.000000;0.866025;0.223607;0.000000;0.750000;0.000000;0.353553;0.000000;0.000000;0.000000;0.707107;0.000000;0.750000;0.000000;0.000000;0.188982;0.000000;0.000000;0.000000;0.000000;0.000000;0.000000;0.500000;0.250000;0.000000;0.204124;0.353553;0.500000;0.000000;0.670820;0.000000;0.670820;0.000000;0.000000;0.000000;0.000000;0.750000;0.000000;0.577350;0.288675;0.000000;0.000000;0.000000;0.000000;0.000000;0.000000;0.204124;0.353553;0.000000;0.353553;0.707107;0.000000;0.000000;0.000000;0.223607;0.707107;0.750000;0.000000;0.000000;0.000000;0.250000;0.000000;0.000000;0.000000;0.000000;0.707107;0.000000;0.707107;0.000000;0.204124;0.353553;0.000000;0.000000;0.000000;0.000000;0.000000;0.577350;0.288675;0.000000;0.000000;0.250000;0.000000;0.000000;0.707107;0.000000;0.707107;0.250000;0.288675;0.353553;0.000000;0.000000;0.000000
Thomas;0.000000;0.288675;0.288675;0.000000;0.000000;0.000000;0.204124;0.000000;0.204124;0.000000;0.365148;0.235702;0.000000;0.408248;0.288675;0.288675;0.204124;0.204124;0.000000;0.000000;0.000000;0.000000;0.000000;0.308607;0.000000;0.547723;0.288675;0.204124;0.288675;0.235702;0.000000;0.000000;0.288675;0.166667;0.000000;0.000000;0.235702;0.000000;0.365148;0.000000;0.288675;0.235702;0.000000;0.000000;0.000000;0.182574;0.000000;0.000000;0.365148;0.235702;0.000000;0.154303;0.288675;0.000000;0.000000;0.000000;0.235702;0.000000;0.000000;0.204124;0.000000;0.000000;0.182574;0.000000;0.000000;0.333333;0.000000;0.000000;0.204124;0.408248;0.288675;0.288675;0.000000;0.000000;0.000000;0.000000;0.288675;0.000000;0.000000;0.408248;0.462910;0.680414;0.235702;0.000000;0.000000;0.000000;0.000000;0.000000;0.204124;0.000000;0.204124;0.000000;0.408248;0.000000;0.204124;0.000000;0.000000;0.408248;0.204124;0.166667
Thompson;0.288675;0.353553;0.000000;0.353553;0.000000;0.000000;0.000000;0.000000;0.000000;0.288675;0.223607;0.000000;0.250000;0.000000;0.353553;0.000000;0.250000;0.000000;0.353553;0.288675;0.250000;0.000000;0.000000;0.188982;0.000000;0.223607;0.000000;0.250000;0.353553;0.288675;0.000000;0.000000;0.000000;0.000000;0.000000;0.250000;0.000000;0.223607;0.000000;0.223607;0.000000;0.000000;0.000000;0.000000;0.000000;0.000000;0.288675;0.000000;0.447214;0.000000;0.288675;0.000000;0.000000;0.000000;0.000000;0.000000;0.000000;0.000000;0.353553;0.000000;0.000000;0.000000;0.223607;0.353553;0.250000;0.000000;0.000000;0.000000;0.250000;0.500000;0.000000;0.353553;0.000000;0.000000;0.000000;0.000000;0.000000;0.000000;0.000000;0.000000;0.000000;0.333333;0.000000;0.000000;0.288675;0.000000;0.250000;0.204124;0.000000;0.000000;0.000000;0.000000;0.000000;0.000000;0.500000;0.000000;0.353553;0.000000;0.000000;0.204124
Torres;0.000000;0.000000;0.000000;0.000000;0.000000;0.000000;0.000000;0.707107;0.500000;0.000000;0.000000;0.000000;0.000000;0.000000;0.000000;0.000000;0.000000;0.000000;0.000000;0.000000;0.500000;0.707107;0.000000;0.000000;0.000000;0.000000;0.000000;0.000000;0.000000;0.000000;0.000000;0.500000;0.000000;0.000000;0.000000;0.500000;0.000000;0.447214;0.000000;0.447214;0.000000;0.000000;1.000000;0.000000;0.000000;0.000000;0.577350;0.000000;0.000000;0.000000;0.000000;0.000000;0.000000;0.000000;0.408248;0.707107;0.000000;0.000000;0.000000;0.500000;0.000000;1.000000;0.000000;0.000000;0.500000;0.000000;0.000000;0.000000;0.000000;0.000000;0.000000;0.000000;0.000000;0.000000;0.000000;0.000000;0.000000;0.408248;0.000000;0.000000;0.000000;0.000000;0.000000;0.000000;0.577350;0.577350;0.000000;0.000000;0.000000;0.000000;0.000000;0.000000;0.000000;0.000000;0.000000;0.000000;0.707107;0.000000;0.000000;0.000000
Turner;0.000000;0.353553;0.000000;0.000000;0.250000;0.250000;0.000000;0.000000;0.000000;0.000000;0.223607;0.000000;0.000000;0.500000;0.000000;0.000000;0.250000;0.000000;0.000000;0.000000;0.000000;0.353553;0.353553;0.188982;0.000000;0.000000;0.000000;0.000000;0.353553;0.000000;0.000000;0.250000;0.000000;0.612372;0.000000;0.000000;0.000000;0.000000;0.000000;0.000000;0.000000;0.000000;0.000000;0.500000;0.000000;0.670820;0.000000;0.000000;0.223607;0.000000;0.000000;0.377964;0.000000;0.000000;0.408248;0.000000;0.000000;0.000000;0.000000;0.500000;0.353553;0.000000;0.223607;0.000000;0.000000;0.204124;0.000000;0.000000;0.250000;0.000000;0.000000;0.000000;0.288675;0.000000;0.500000;0.000000;0.000000;0.000000;0.000000;0.000000;0.188982;0.333333;0.288675;0.000000;0.000000;0.000000;0.000000;0.204124;0.000000;0.000000;0.000000;0.000000;0.500000;0.000000;0.000000;0.288675;0.000000;0.250000;0.750000;0.408248
Walker;0.816497;0.000000;0.000000;0.000000;0.000000;0.000000;0.000000;0.500000;0.000000;0.408248;0.000000;0.000000;0.353553;0.000000;0.000000;0.000000;0.000000;0.000000;0.500000;0.000000;0.353553;0.000000;0.000000;0.000000;0.000000;0.000000;0.000000;0.000000;0.000000;0.000000;0.000000;0.353553;0.000000;0.000000;0.500000;0.353553;0.000000;0.316228;0.000000;0.316228;0.000000;0.000000;0.000000;0.000000;0.707107;0.000000;0.000000;0.000000;0.000000;0.000000;0.000000;0.000000;0.000000;0.000000;0.000000;0.500000;0.000000;0.000000;0.500000;0.000000;0.000000;0.000000;0.316228;0.500000;0.707107;0.000000;0.000000;0.000000;0.000000;0.000000;0.000000;0.000000;0.000000;0.500000;0.000000;0.500000;0.000000;0.000000;0.500000;0.000000;0.000000;0.000000;0.000000;0.000000;0.408248;0.408248;0.707107;0.000000;0.000000;0.000000;0.000000;0.000000;0.000000;0.500000;0.000000;0.408248;0.000000;0.000000;0.000000;0.000000
Ward;0.000000;0.000000;0.000000;0.000000;0.000000;0.000000;0.000000;0.000000;0.000000;0.000000;0.447214;0.000000;0.000000;0.500000;0.000000;0.000000;0.500000;0.000000;0.000000;0.000000;0.000000;0.000000;0.000000;0.000000;0.000000;0.000000;0.000000;0.000000;0.000000;0.000000;0.000000;0.000000;0.000000;0.408248;0.000000;0.000000;0.000000;0.000000;0.000000;0.000000;0.000000;0.000000;0.000000;0.000000;0.000000;0.447214;0.000000;0.000000;0.000000;0.000000;0.000000;0.000000;0.000000;0.000000;0.000000;0.000000;0.000000;0.000000;0.000000;0.500000;0.000000;0.000000;0.000000;0.000000;0.000000;0.000000;0.000000;0.000000;0.000000;0.000000;0.000000;0.000000;0.000000;0.000000;0.000000;0.000000;0.000000;0.000000;0.000000;0.000000;0.377964;0.333333;0.000000;0.000000;0.000000;0.000000;0.000000;0.408248;0.000000;0.000000;0.500000;0.000000;0.000000;0.000000;0.000000;0.000000;0.000000;0.000000;0.500000;0.000000
Watson;0.408248;0.000000;0.000000;0.500000;0.353553;0.000000;0.000000;0.500000;0.000000;0.816497;0.000000;0.000000;0.707107;0.000000;0.000000;0.000000;0.000000;0.000000;0.500000;0.000000;0.707107;0.000000;0.000000;0.000000;0.000000;0.000000;0.000000;0.000000;0.000000;0.000000;0.707107;0.000000;0.000000;0.288675;0.500000;0.000000;0.000000;0.632456;0.000000;0.316228;0.000000;0.000000;0.000000;0.000000;0.707107;0.000000;0.408248;0.408248;0.000000;0.000000;0.000000;0.000000;0.000000;0.000000;0.288675;0.500000;0.000000;0.500000;0.000000;0.000000;0.000000;0.000000;0.316228;0.000000;0.353553;0.000000;0.000000;0.000000;0.000000;0.000000;0.000000;0.000000;0.000000;0.500000;0.000000;1.000000;0.000000;0.288675;0.000000;0.000000;0.000000;0.000000;0.000000;0.000000;0.408248;0.000000;0.707107;0.000000;0.000000;0.000000;0.000000;0.500000;0.000000;0.000000;0.000000;0.000000;0.000000;0.000000;0.000000;0.000000
White;0.288675;0.000000;0.000000;0.353553;0.000000;0.250000;0.000000;0.000000;0.250000;0.288675;0.447214;0.000000;0.250000;0.000000;0.353553;0.000000;0.000000;0.000000;0.353553;0.577350;0.250000;0.000000;0.353553;0.377964;0.000000;0.447214;0.353553;0.250000;0.000000;0.000000;0.000000;0.000000;0.353553;0.204124;0.000000;0.250000;0.288675;0.223607;0.223607;0.223607;0.000000;0.000000;0.000000;0.000000;0.000000;0.223607;0.288675;0.000000;0.000000;0.000000;0.288675;0.377964;0.000000;0.000000;0.204124;0.000000;0.000000;0.000000;0.353553;0.000000;0.000000;0.000000;0.000000;0.353553;0.250000;0.000000;0.000000;0.000000;0.500000;0.000000;0.353553;0.000000;0.288675;0.000000;0.000000;0.000000;0.000000;0.204124;0.000000;0.000000;0.377964;0.166667;0.288675;0.000000;0.288675;0.000000;0.250000;0.204124;0.500000;0.000000;0.000000;0.000000;0.000000;0.000000;0.000000;0.288675;0.353553;0.250000;0.000000;0.204124
Williams;0.333333;0.000000;0.000000;0.000000;0.288675;0.577350;0.000000;0.000000;0.288675;0.000000;0.258199;0.000000;0.000000;0.288675;0.000000;0.000000;0.000000;0.000000;0.000000;0.333333;0.000000;0.000000;0.408248;0.436436;0.000000;0.258199;0.000000;0.000000;0.408248;0.000000;0.000000;0.288675;0.408248;0.235702;0.000000;0.288675;0.333333;0.000000;0.258199;0.258199;0.000000;0.000000;0.000000;0.288675;0.288675;0.258199;0.000000;0.000000;0.000000;0.000000;0.000000;0.436436;0.000000;0.000000;0.471405;0.000000;0.000000;0.000000;0.408248;0.288675;0.408248;0.000000;0.258199;0.408248;0.288675;0.000000;0.000000;0.000000;0.577350;0.000000;0.000000;0.000000;0.333333;0.408248;0.577350;0.000000;0.000000;0.235702;0.408248;0.000000;0.218218;0.000000;0.000000;0.000000;0.000000;0.333333;0.288675;0.000000;0.000000;0.000000;0.288675;0.408248;0.000000;0.000000;0.288675;0.000000;0.000000;0.288675;0.000000;0.471405
Wilson;0.408248;0.000000;0.000000;0.500000;0.000000;0.000000;0.000000;0.500000;0.353553;0.408248;0.316228;0.000000;0.353553;0.000000;0.500000;0.000000;0.000000;0.000000;0.500000;0.000000;0.707107;0.500000;0.000000;0.267261;0.000000;0.000000;0.000000;0.000000;0.000000;0.000000;0.000000;0.353553;0.000000;0.000000;0.000000;0.707107;0.000000;0.632456;0.000000;0.632456;0.000000;0.000000;0.707107;0.000000;0.000000;0.000000;0.816497;0.000000;0.000000;0.000000;0.000000;0.000000;0.000000;0.000000;0.288675;0.500000;0.000000;0.000000;0.500000;0.353553;0.000000;0.707107;0.000000;0.500000;0.707107;0.000000;0.000000;0.000000;0.353553;0.000000;0.000000;0.000000;0.000000;0.000000;0.000000;0.000000;0.000000;0.288675;0.000000;0.000000;0.000000;0.000000;0.000000;0.000000;0.816497;0.408248;0.353553;0.000000;0.353553;0.707107;0.000000;0.000000;0.000000;0.000000;0.353553;0.000000;0.000000;0.000000;0.000000;0.000000
Wood;0.000000;0.000000;0.000000;0.000000;0.500000;0.500000;0.000000;0.000000;0.000000;0.000000;0.223607;0.000000;0.000000;0.250000;0.000000;0.000000;0.000000;0.000000;0.000000;0.000000;0.000000;0.000000;0.000000;0.377964;0.000000;0.447214;0.353553;0.000000;0.353553;0.000000;0.000000;0.250000;0.000000;0.000000;0.000000;0.000000;0.000000;0.000000;0.223607;0.000000;0.000000;0.000000;0.000000;0.250000;0.000000;0.000000;0.000000;0.288675;0.000000;0.000000;0.000000;0.566947;0.353553;0.000000;0.204124;0.000000;0.000000;0.000000;0.000000;0.250000;0.353553;0.000000;0.223607;0.000000;0.000000;0.408248;0.000000;0.000000;0.500000;0.000000;0.353553;0.000000;0.000000;0.000000;0.500000;0.000000;0.000000;0.000000;0.000000;0.000000;0.188982;0.166667;0.288675;0.000000;0.000000;0.000000;0.000000;0.408248;0.000000;0.000000;0.250000;0.000000;0.000000;0.000000;0.250000;0.288675;0.000000;0.000000;0.000000;0.204124
Wright;0.000000;0.353553;0.000000;0.000000;0.000000;0.250000;0.000000;0.000000;0.000000;0.000000;0.223607;0.000000;0.000000;0.250000;0.000000;0.000000;0.250000;0.000000;0.000000;0.000000;0.000000;0.353553;0.353553;0.000000;0.000000;0.000000;0.000000;0.000000;0.000000;0.000000;0.000000;0.250000;0.000000;0.612372;0.000000;0.000000;0.000000;0.000000;0.000000;0.000000;0.000000;0.000000;0.000000;0.250000;0.000000;0.670820;0.000000;0.000000;0.223607;0.000000;0.000000;0.188982;0.000000;0.000000;0.204124;0.000000;0.000000;0.000000;0.000000;0.250000;0.000000;0.000000;0.000000;0.000000;0.000000;0.204124;0.000000;0.000000;0.000000;0.000000;0.000000;0.000000;0.288675;0.000000;0.000000;0.000000;0.000000;0.204124;0.353553;0.000000;0.188982;0.333333;0.288675;0.000000;0.000000;0.000000;0.000000;0.204124;0.000000;0.000000;0.750000;0.000000;0.500000;0.000000;0.000000;0.000000;0.000000;0.000000;0.000000;0.204124
Young;0.000000;0.288675;0.000000;0.000000;0.204124;0.408248;0.000000;0.000000;0.204124;0.000000;0.182574;0.000000;0.000000;0.204124;0.000000;0.000000;0.204124;0.000000;0.000000;0.235702;0.000000;0.000000;0.288675;0.308607;0.000000;0.365148;0.288675;0.204124;0.577350;0.000000;0.000000;0.204124;0.288675;0.333333;0.000000;0.000000;0.235702;0.000000;0.365148;0.000000;0.000000;0.000000;0.000000;0.612372;0.000000;0.365148;0.000000;0.000000;0.365148;0.000000;0.000000;0.617213;0.000000;0.000000;0.500000;0.000000;0.000000;0.000000;0.000000;0.204124;0.288675;0.000000;0.182574;0.000000;0.000000;0.000000;0.000000;0.000000;0.408248;0.408248;0.000000;0.288675;0.471405;0.000000;0.408248;0.000000;0.000000;0.166667;0.000000;0.000000;0.308607;0.272166;0.235702;0.000000;0.000000;0.000000;0.000000;0.166667;0.204124;0.000000;0.408248;0.000000;0.000000;0.000000;0.204124;0.471405;0.000000;0.204124;0.204124;0.000000